#YY_#yr,MM_mo,DD_dy,hh_hr,mm_mn,WDIR_degT,WSPD_m/s,GST_m/s,WVHT_m,DPD_sec,APD_sec,MWD_degT,PRES_hPa,ATMP_degC,WTMP_degC,DEWP_degC,VIS_mi,TIDE_ft
2011,11,10,18,50,68,1.5,2.0,0.0,,4.28,,1010.9,11.8,12.6,10.9,,
2011,11,10,19,50,51,3.1,3.8,0.0,,4.42,,1009.8,11.8,12.4,11.1,,
2011,11,10,20,50,55,2.0,3.0,0.0,,4.1,,1008.8,11.9,12.3,11.3,,
2011,11,10,21,50,125,6.1,7.4,0.0,,4.23,,1007.2,12.3,12.3,11.5,,
2011,11,10,22,50,141,6.5,9.5,0.0,,4.18,,1005.9,12.8,12.5,11.7,,
2011,11,10,23,50,138,6.8,9.2,0.0,,4.2,,1004.6,13.3,12.8,12.4,,
2011,11,11,0,50,128,4.8,6.4,0.0,,4.25,,1003.1,12.4,12.5,11.7,,
2011,11,11,1,50,112,3.4,4.9,0.0,,4.61,,1001.3,12.0,12.3,11.3,,
2011,11,11,2,50,127,6.4,8.2,0.0,,4.31,,998.9,12.8,12.5,12.1,,
2011,11,11,3,50,171,4.2,5.9,0.0,,4.46,,997.4,12.6,12.6,11.9,,
2011,11,11,4,50,195,5.4,8.5,0.0,,4.38,,996.4,13.0,12.9,12.4,,
2011,11,11,5,50,216,2.6,7.5,0.0,,4.35,,995.3,12.8,12.9,12.3,,
2011,11,11,6,50,240,0.8,2.7,0.0,,4.29,,994.6,12.4,12.6,11.9,,
2011,11,11,7,50,269,1.0,2.0,0.0,,4.27,,993.9,12.6,12.6,12.1,,
2011,11,11,8,50,329,3.5,8.5,0.0,,4.21,,993.9,9.6,11.3,7.9,,
2011,11,11,9,50,341,3.5,6.4,0.0,,4.18,,993.6,8.6,9.9,6.4,,
2011,11,11,10,50,339,3.4,6.9,0.0,,4.2,,992.9,8.5,9.6,5.8,,
2011,11,11,11,50,335,2.6,5.2,0.0,,4.21,,993.3,8.2,9.3,5.1,,
2011,11,11,12,50,5,2.3,4.2,0.0,,4.32,,992.2,8.4,9.1,4.6,,
2011,11,11,13,50,281,1.8,3.7,0.0,,4.24,,992.4,8.3,9.1,4.7,,
2011,11,11,14,50,304,3.9,10.2,0.0,,4.2,,992.7,7.6,8.7,3.4,,
2011,11,11,15,50,310,3.0,6.4,0.0,,4.23,,992.5,7.8,8.6,3.3,,
2011,11,11,16,50,301,2.8,6.6,0.0,,4.24,,992.3,7.8,8.7,2.2,,
2011,11,11,17,50,292,3.1,7.3,0.0,,4.55,,992.4,7.3,8.6,3.0,,
2011,11,11,18,50,309,3.3,7.1,0.0,,4.54,,993.0,5.6,7.6,2.4,,
2011,11,11,19,50,290,2.1,5.3,0.0,,4.12,,993.9,5.5,7.1,2.8,,
2011,11,11,20,50,313,1.9,4.5,0.0,,4.08,,995.1,5.4,6.8,2.3,,
2011,11,11,21,50,241,1.0,2.7,0.0,,4.25,,995.8,5.3,6.7,2.6,,
2011,11,11,22,50,268,2.8,4.7,0.0,,4.11,,997.0,5.7,6.6,-0.5,,
2011,11,11,23,50,266,3.9,6.9,0.0,,4.18,,998.5,4.9,6.1,-1.6,,
2011,11,12,0,50,262,3.6,6.7,0.0,,4.3,,999.7,4.7,5.7,-1.6,,
2011,11,12,1,50,259,3.6,6.3,0.0,,4.23,,1000.9,4.5,5.5,-2.2,,
2011,11,12,2,50,254,3.4,6.3,0.0,,4.34,,1001.8,3.9,5.1,-2.7,,
2011,11,12,3,50,258,4.0,6.0,0.0,,4.34,,1002.8,3.5,4.6,-2.7,,
2011,11,12,4,50,273,3.3,7.1,0.0,,4.26,,1004.7,3.1,4.5,-2.4,,
2011,11,12,5,50,272,3.2,6.8,0.0,,4.17,,1006.2,2.9,4.1,-4.6,,
2011,11,12,6,50,237,1.0,2.8,0.0,,4.2,,1007.6,2.7,3.9,-3.0,,
2011,11,12,7,50,257,2.9,4.9,0.0,,4.53,,1008.8,2.6,3.8,-4.8,,
2011,11,12,8,50,255,1.4,2.8,0.0,,4.16,,1010.0,2.2,3.6,-4.8,,
2011,11,12,9,50,237,1.0,2.8,0.0,,4.25,,1011.2,1.9,3.4,-4.6,,
2011,11,12,10,50,260,1.0,2.6,0.0,,4.14,,1012.3,1.7,3.0,-5.1,,
2011,11,12,11,50,245,0.9,2.1,0.0,,4.44,,1013.3,1.8,2.9,-4.6,,
2011,11,12,12,50,250,2.3,4.7,0.0,,4.19,,1013.7,2.8,3.1,-3.4,,
2011,11,12,13,50,247,1.7,4.7,0.0,,4.31,,1013.8,3.7,3.6,-2.9,,
2011,11,12,14,50,226,0.6,2.1,0.0,,4.17,,1014.4,5.3,4.5,-2.7,,
2011,11,12,15,50,246,1.5,4.8,0.0,,4.25,,1014.2,6.2,5.5,-3.1,,
2011,11,12,16,50,250,0.9,3.4,0.0,,4.14,,1013.7,6.6,6.2,-2.3,,
2011,11,12,17,50,244,1.2,5.0,0.0,,3.97,,1013.3,7.3,6.6,0.0,,
2011,11,12,18,50,225,1.2,7.2,0.0,,4.38,,1012.9,7.7,7.2,0.0,,
2011,11,12,19,50,215,1.4,4.6,0.0,,4.19,,1013.0,7.9,7.5,0.6,,
2011,11,12,20,50,200,3.5,7.0,0.0,,4.4,,1012.9,8.2,7.9,1.0,,
2011,11,12,21,50,208,0.9,3.0,0.0,,4.19,,1013.1,8.4,7.9,0.6,,
2011,11,12,22,50,225,0.5,2.0,0.0,,4.22,,1013.6,8.0,7.7,1.0,,
2011,11,12,23,50,222,0.6,2.2,0.0,,4.34,,1013.8,7.8,7.5,1.5,,
2011,11,13,0,50,243,1.2,2.9,0.0,,4.61,,1014.5,8.1,7.6,-0.3,,
2011,11,13,1,50,250,2.2,4.0,0.0,,4.29,,1015.4,7.9,7.4,-0.8,,
2011,11,13,2,50,257,1.4,2.4,0.0,,4.41,,1016.0,7.5,7.4,-0.2,,
2011,11,13,3,50,253,1.4,2.3,0.0,,4.25,,1016.7,6.7,7.0,-0.4,,
2011,11,13,4,50,261,2.0,2.8,0.0,,4.48,,1017.5,5.8,6.6,-0.1,,
2011,11,13,5,50,267,2.3,3.3,0.0,,4.25,,1017.8,5.9,6.4,-0.4,,
2011,11,13,6,50,265,2.3,3.3,0.0,,4.23,,1018.2,5.5,6.2,-0.4,,
2011,11,13,7,50,257,1.4,2.3,0.0,,4.16,,1018.3,5.1,6.0,-0.2,,
2011,11,13,8,50,188,0.3,1.0,0.0,,4.23,,1018.6,3.6,5.6,0.4,,
2011,11,13,9,50,249,0.4,1.2,0.0,,4.3,,1019.2,3.9,5.3,0.8,,
2011,11,13,10,50,276,0.7,1.2,0.0,,4.21,,1019.7,4.0,5.1,1.4,,
2011,11,13,11,50,237,0.3,1.3,0.0,,4.36,,1020.4,5.0,5.1,2.7,,
2011,11,13,12,50,180,0.1,0.6,0.0,,4.19,,1020.5,7.0,5.3,3.8,,
2011,11,13,13,50,204,1.4,4.1,0.0,,4.18,,1020.5,10.2,6.2,5.3,,
2011,11,13,14,50,180,3.6,5.2,0.0,,4.27,,1020.3,11.2,8.6,5.6,,
2011,11,13,15,50,185,3.7,5.3,0.0,,4.26,,1019.7,11.2,9.8,6.4,,
2011,11,13,16,50,179,3.3,4.9,0.0,,4.47,,1018.5,11.5,10.2,6.4,,
2011,11,13,17,50,195,4.1,6.5,0.0,,4.31,,1017.9,11.2,10.5,6.9,,
2011,11,13,18,50,195,3.9,5.6,0.0,,4.45,,1017.3,11.7,11.0,7.1,,
2011,11,13,19,50,200,3.4,5.9,0.0,,4.31,,1016.9,11.3,10.9,8.6,,
2011,11,13,20,50,185,2.8,3.5,0.0,,4.41,,1016.1,10.8,10.6,9.0,,
2011,11,13,21,50,200,2.1,2.8,0.0,,4.54,,1015.8,10.5,10.4,9.1,,
2011,11,13,22,50,202,3.5,6.9,0.0,,4.14,,1015.2,11.2,10.4,9.0,,
2011,11,13,23,50,198,2.9,5.9,0.0,,4.23,,1014.6,11.3,10.6,8.7,,
2011,11,14,0,50,198,3.3,10.2,0.0,,4.47,,1013.8,12.2,11.0,8.2,,
2011,11,14,1,50,189,1.9,5.1,0.0,,4.31,,1013.6,12.0,11.2,7.9,,
2011,11,14,2,50,202,1.8,5.8,0.0,,4.05,,1012.7,11.9,11.4,7.9,,
2011,11,14,3,50,206,1.2,7.1,0.0,,4.31,,1011.9,12.0,11.5,7.3,,
2011,11,14,4,50,176,0.8,4.2,0.0,,4.27,,1011.7,11.9,11.5,7.3,,
2011,11,14,5,50,231,0.6,2.3,0.0,,4.46,,1011.2,11.6,11.3,7.8,,
2011,11,14,6,50,214,0.8,3.0,0.0,,4.19,,1010.7,12.0,11.5,7.2,,
2011,11,14,7,50,183,0.7,5.9,0.0,,4.34,,1010.3,11.8,11.5,7.6,,
2011,11,14,8,50,190,0.6,3.5,0.0,,4.5,,1009.9,11.7,11.5,7.6,,
2011,11,14,9,50,205,1.2,4.3,0.0,,4.36,,1009.4,12.1,11.6,8.4,,
2011,11,14,10,50,234,1.8,7.6,0.0,,4.17,,1009.3,12.0,11.6,8.7,,
2011,11,14,11,50,207,0.9,2.2,0.0,,4.35,,1009.3,11.8,11.5,8.5,,
2011,11,14,12,50,224,1.3,4.3,0.0,,4.26,,1009.1,12.2,11.7,8.3,,
2011,11,14,13,50,150,2.3,5.5,,,,,1008.6,12.8,12.6,7.5,,
2011,11,14,14,50,224,6.0,8.5,,,,,1008.5,12.6,13.1,7.2,,
2011,11,14,16,50,157,4.7,6.5,,,,,1006.6,11.6,13.6,7.8,,
2011,11,14,17,50,168,5.5,7.0,,,,,1006.6,12.0,13.6,7.8,,
2011,11,14,18,50,138,3.1,4.9,,,,,1006.8,11.9,13.1,8.2,,
2011,11,14,19,50,166,0.5,3.3,,,,,1006.8,12.6,12.8,8.0,,
2011,11,14,20,50,55,0.4,1.1,,,,,1006.6,12.6,12.8,8.2,,
2011,11,14,21,50,33,0.4,1.1,,,,,1006.8,12.5,12.7,8.5,,
2011,11,14,22,50,6,0.7,1.6,,,,,1006.9,12.4,12.6,8.9,,
2011,11,14,23,50,185,0.8,1.3,,,,,1007.1,12.5,12.5,9.2,,
2011,11,15,0,50,299,0.3,1.2,,,,,1007.0,12.5,12.5,9.6,,
2011,11,15,1,50,210,0.4,2.0,,,,,1006.5,12.4,12.5,9.8,,
2011,11,15,2,50,180,0.1,0.6,,,,,1006.0,12.0,12.4,9.7,,
2011,11,15,3,50,172,0.6,1.9,,,,,1005.7,11.9,12.3,9.7,,
2011,11,15,4,50,15,0.6,2.0,,,,,1005.5,12.2,12.3,9.9,,
2011,11,15,5,50,248,0.2,1.8,,,,,1005.1,11.7,12.1,10.3,,
2011,11,15,6,50,200,1.8,3.8,,,,,1003.7,11.8,12.0,10.7,,
2011,11,15,7,50,193,1.3,4.1,,,,,1002.1,11.8,12.0,10.9,,
2011,11,15,8,50,251,0.6,3.5,,,,,1002.1,12.2,12.1,11.1,,
2011,11,15,9,50,218,1.2,3.4,,,,,1001.7,12.1,12.1,11.0,,
2011,11,15,10,50,283,0.2,1.6,,,,,1001.6,12.1,12.0,10.8,,
2011,11,15,11,50,323,0.5,2.0,,,,,1001.6,12.1,12.0,10.7,,
2011,11,15,12,50,342,0.7,1.9,,,,,1002.5,11.9,12.0,10.5,,
2011,11,15,13,50,321,0.4,1.5,,,,,1003.2,12.1,12.2,10.5,,
2011,11,15,14,50,7,0.6,1.9,,,,,1003.1,12.9,12.9,10.8,,
2011,11,15,15,50,14,0.4,1.2,,,,,1003.5,12.7,13.2,10.6,,
2011,11,15,16,50,2,0.5,1.5,,,,,1003.0,12.8,13.5,10.6,,
2011,11,15,17,50,343,0.3,1.1,,,,,1004.0,13.0,13.5,11.0,,
2011,11,15,18,50,332,0.3,1.3,,,,,1004.8,13.0,13.5,11.2,,
2011,11,15,19,50,44,0.2,1.2,,,,,1005.9,12.9,13.5,11.3,,
2011,11,15,20,50,122,0.7,1.8,,,,,1007.4,13.7,13.5,5.9,,
2011,11,15,21,50,180,0.0,0.4,,,,,1008.0,12.1,13.0,6.1,,
2011,11,15,22,50,180,0.1,0.6,,,,,1009.4,11.8,12.6,5.4,,
2011,11,15,23,50,180,0.1,0.5,,,,,1010.1,11.1,12.2,4.7,,
2011,11,16,0,50,180,0.0,0.1,,,,,1010.8,11.9,12.0,1.9,,
2011,11,16,1,50,180,0.0,0.2,,,,,1011.7,10.1,11.5,2.9,,
2011,11,16,2,50,187,0.3,1.1,,,,,1012.3,9.5,11.1,4.6,,
2011,11,16,3,50,180,0.0,0.5,,,,,1012.4,8.1,10.5,4.7,,
2011,11,16,4,50,180,0.0,0.4,,,,,1012.9,8.5,10.0,3.7,,
2011,11,16,5,50,180,0.1,0.6,,,,,1012.8,8.9,9.7,3.0,,
2011,11,16,6,50,180,0.0,0.5,,,,,1013.5,8.2,9.4,3.4,,
2011,11,16,7,50,180,0.0,0.3,,,,,1013.7,6.4,8.9,3.7,,
2011,11,16,8,50,180,0.0,0.0,,,,,1013.7,5.9,8.3,3.2,,
2011,11,16,9,50,180,0.0,0.4,,,,,1013.9,5.0,7.7,2.9,,
2011,11,16,10,50,180,0.0,0.0,,,,,1014.2,5.4,7.4,3.6,,
2011,11,16,11,50,180,0.0,0.0,,,,,1014.4,5.7,7.2,4.0,,
2011,11,16,12,50,83,5.4,6.6,,,,,1014.8,10.9,8.6,6.5,,
2011,11,16,13,50,99,7.0,7.8,,,,,1015.0,10.9,10.7,6.3,,
2011,11,16,14,50,74,4.3,5.3,,,,,1014.7,10.8,11.4,6.5,,
2011,11,16,15,50,129,3.8,6.7,,,,,1014.2,11.3,11.9,6.2,,
2011,11,16,16,50,128,2.0,4.5,,,,,1012.9,11.6,11.9,6.9,,
2011,11,16,18,50,162,6.9,8.1,1.32,8.33,5.14,,1010.9,10.6,10.2,8.5,,
2011,11,16,19,50,171,7.0,8.3,1.23,8.33,5.23,,1010.7,10.7,10.1,9.2,,
2011,11,16,20,50,177,6.9,8.3,1.24,9.09,5.25,,1010.3,10.8,10.1,9.6,,
2011,11,16,21,50,167,5.7,6.5,1.3,8.33,5.3,,1009.8,10.7,10.1,9.7,,
2011,11,16,22,50,177,5.4,6.2,1.27,9.09,5.29,,1009.6,10.8,10.1,10.0,,
2011,11,16,23,50,157,4.2,5.1,1.25,9.09,5.63,,1008.5,10.6,10.1,9.9,,
2011,11,17,0,50,157,2.9,3.5,1.21,9.09,5.54,,1007.6,10.5,10.1,9.9,,
2011,11,17,1,50,117,2.2,2.6,1.06,9.09,5.62,,1006.4,10.3,10.2,9.7,,
2011,11,17,2,50,126,2.6,3.1,1.09,8.33,5.79,,1005.3,10.2,10.2,9.7,,
2011,11,17,3,50,90,0.8,1.3,0.99,7.69,5.68,,1004.3,10.2,10.2,9.7,,
2011,11,17,4,50,290,1.7,2.0,1.16,8.33,6.2,,1004.3,10.2,10.2,9.7,,
2011,11,17,5,50,331,1.5,1.9,1.19,8.33,6.33,,1003.1,10.1,10.2,9.7,,
2011,11,17,6,50,335,0.3,0.8,1.04,8.33,6.18,,1002.5,10.1,10.2,9.7,,
2011,11,17,7,50,288,1.8,2.4,1.17,8.33,6.56,,1002.9,10.0,10.1,9.6,,
2011,11,17,8,50,269,1.6,1.9,1.19,8.33,6.57,,1002.6,10.0,10.1,9.6,,
2011,11,17,9,50,259,2.4,3.1,0.93,9.09,6.2,,1003.2,10.1,10.1,9.7,,
2011,11,17,10,50,281,2.8,3.3,0.94,8.33,6.3,,1003.6,10.2,10.1,9.8,,
2011,11,17,11,50,300,3.2,3.9,1.03,9.09,6.56,,1004.1,10.4,10.1,10.0,,
2011,11,17,12,50,307,4.8,5.8,0.79,8.33,5.91,,1005.2,10.6,10.1,9.6,,
2011,11,17,13,50,333,8.0,9.7,0.82,8.33,4.89,,1005.4,10.2,10.1,6.6,,
2011,11,17,14,50,330,9.0,11.4,0.92,7.69,4.3,,1006.4,9.0,10.1,3.9,,
2011,11,17,15,50,341,8.3,9.5,1.11,7.69,4.35,,1005.7,8.2,10.1,2.0,,
2011,11,17,16,50,339,7.8,9.7,1.11,4.17,4.44,,1005.2,8.1,10.1,0.7,,
2011,11,17,17,50,331,6.4,8.0,1.06,8.33,4.41,,1005.8,8.2,10.1,0.2,,
2011,11,17,18,50,334,7.9,9.1,1.03,8.33,4.69,,1004.0,8.1,10.1,-0.8,,
2011,11,17,19,50,346,6.2,7.9,1.13,8.33,5.2,,1003.9,8.0,10.1,-0.6,,
2011,11,17,20,50,335,5.7,6.8,1.2,9.09,5.87,,1004.7,8.0,10.1,-1.4,,
2011,11,17,21,50,359,3.8,5.6,1.17,10.0,5.82,,1004.8,7.0,10.0,-1.3,,
2011,11,17,22,50,341,5.2,8.0,1.13,9.09,5.69,,1005.3,6.0,10.0,0.6,,
2011,11,17,23,50,338,11.2,13.9,1.11,9.09,5.49,,1003.7,5.1,10.0,1.6,,
2011,11,18,0,50,338,10.0,11.8,1.19,8.33,4.24,,1004.4,4.1,10.0,2.0,,
2011,11,18,1,50,345,11.0,13.1,1.33,9.09,4.33,,1004.1,3.7,10.0,1.5,,
2011,11,18,2,50,328,9.4,12.2,1.32,9.09,4.76,,1004.2,3.8,10.0,1.7,,
2011,11,18,3,50,313,10.5,12.9,1.53,8.33,4.98,,1004.0,3.4,10.0,1.4,,
2011,11,18,4,50,317,11.7,14.1,1.61,9.09,4.77,,1004.4,3.2,10.1,1.2,,
2011,11,18,5,50,320,11.4,13.6,1.56,4.76,4.63,,1005.5,3.2,10.1,0.8,,
2011,11,18,6,50,331,9.1,11.1,1.47,9.09,4.57,,1006.7,3.8,10.1,-0.6,,
2011,11,18,7,50,315,8.8,11.0,1.22,4.55,4.39,,1007.5,3.9,10.1,-1.2,,
2011,11,18,8,50,321,10.4,13.3,1.21,4.0,4.19,,1008.8,3.6,10.1,-5.1,,
2011,11,18,9,50,320,10.8,12.7,1.18,4.17,4.15,,1010.2,3.2,10.0,-4.7,,
2011,11,18,10,50,320,10.3,11.9,,,,,1011.7,3.0,10.1,-5.1,,
2011,11,18,11,50,318,8.7,10.4,1.38,4.0,4.12,,1013.1,3.1,10.0,-4.3,,
2011,11,18,12,50,307,9.8,12.1,1.01,4.17,4.08,,1014.5,3.3,10.0,-4.9,,
2011,11,18,13,50,317,8.5,10.2,1.08,10.0,4.36,,1015.5,3.3,10.0,-4.6,,
2011,11,18,14,50,292,7.9,10.2,1.07,10.0,4.43,,1016.6,3.7,10.0,-2.9,,
2011,11,18,15,50,297,8.9,11.3,1.15,4.55,4.5,,1017.0,3.5,10.0,-2.0,,
2011,11,18,16,50,296,10.0,12.1,1.24,10.0,4.58,,1017.1,3.9,10.0,-2.4,,
2011,11,18,17,50,303,8.9,11.2,1.37,6.25,4.63,,1017.8,4.4,10.0,-3.0,,
2011,11,18,18,50,283,8.6,10.9,1.58,5.56,4.67,,1018.7,4.8,10.0,-3.6,,
2011,11,18,19,50,284,8.8,10.9,1.51,6.25,4.9,,1019.8,5.4,9.9,-3.7,,
2011,11,18,20,50,278,10.5,13.5,1.48,5.26,4.89,,1020.3,5.8,9.9,-3.4,,
2011,11,18,21,50,285,10.6,12.9,1.5,8.33,4.73,,1021.2,5.9,9.9,-3.9,,
2011,11,18,22,50,282,10.1,13.0,1.72,8.33,5.14,,1022.8,5.4,9.9,-5.6,,
2011,11,18,23,50,281,11.6,14.0,1.9,7.69,5.3,,1024.0,5.5,9.9,-5.4,,
2011,11,19,0,50,292,11.7,14.2,1.85,7.69,5.26,,1025.1,5.2,9.9,-4.7,,
2011,11,19,1,50,282,9.1,12.1,1.87,7.69,5.32,,1025.9,5.1,9.9,-4.3,,
2011,11,19,2,50,287,10.0,12.6,1.86,6.67,5.46,,1026.2,5.6,9.9,-3.6,,
2011,11,19,3,50,273,8.6,10.8,2.02,7.14,5.63,,1026.3,5.9,9.9,-4.2,,
2011,11,19,4,50,254,9.4,11.5,2.0,6.67,5.47,,1026.3,6.4,9.8,-4.3,,
2011,11,19,5,50,261,8.8,11.0,2.0,6.67,5.39,,1026.5,6.8,9.9,-4.4,,
2011,11,19,6,50,249,9.0,10.7,1.76,6.67,5.19,,1026.3,7.1,9.9,-2.7,,
2011,11,19,7,50,247,9.8,11.8,1.7,6.25,4.86,,1026.1,7.1,9.9,-1.0,,
2011,11,19,8,50,243,9.4,11.6,1.54,5.26,4.63,,1026.3,6.8,9.9,-1.0,,
2011,11,19,9,50,254,7.8,9.2,1.52,5.56,4.78,,1026.4,6.8,9.8,-1.3,,
2011,11,19,10,50,237,9.6,11.9,1.68,6.25,5.11,,1026.4,7.4,9.8,-0.3,,
2011,11,19,11,50,226,10.2,12.5,1.88,6.25,5.16,,1026.6,8.1,9.8,1.0,,
2011,11,19,12,50,217,12.4,15.2,1.95,6.67,5.35,,1025.7,8.3,10.0,1.4,,
2011,11,19,13,50,221,13.9,17.3,2.26,7.14,5.51,,1025.6,8.4,9.9,1.5,,
2011,11,19,14,50,220,13.4,16.3,2.83,7.69,5.96,,1025.1,8.7,9.8,2.6,,
2011,11,19,15,50,220,15.3,18.1,3.51,7.69,6.3,,1023.7,9.0,9.8,2.8,,
2011,11,19,16,50,222,14.7,19.5,3.62,8.33,6.29,,1022.9,9.0,9.9,3.3,,
2011,11,19,17,50,227,15.0,18.3,4.23,8.33,6.68,,1022.3,9.1,9.9,3.0,,
2011,11,19,18,50,230,15.6,18.8,4.28,8.33,6.69,,1021.6,9.3,9.9,3.2,,
2011,11,19,19,50,235,15.1,18.4,4.22,8.33,6.71,,1021.9,9.5,10.0,3.5,,
2011,11,19,20,50,233,13.8,16.9,4.48,9.09,6.97,,1021.9,9.6,10.0,5.1,,
2011,11,19,21,50,234,13.0,15.8,3.79,9.09,6.66,,1022.1,9.7,10.0,4.9,,
2011,11,19,22,50,235,11.0,13.7,3.74,9.09,6.71,,1022.7,9.8,10.0,5.3,,
2011,11,19,23,50,236,10.3,13.2,3.23,9.09,6.53,,1023.1,9.9,10.0,5.8,,
2011,11,20,0,50,229,9.9,12.5,3.23,9.09,6.87,,1022.9,10.0,10.0,6.2,,
2011,11,20,1,50,225,11.9,14.5,3.3,9.09,6.84,,1022.4,10.0,9.9,6.1,,
2011,11,20,2,50,222,11.7,14.2,3.4,9.09,6.9,,1021.9,9.9,9.9,6.3,,
2011,11,20,3,50,224,12.6,15.1,3.44,9.09,6.75,,1021.5,9.9,9.9,6.3,,
2011,11,20,4,50,221,11.6,14.2,3.27,8.33,6.61,,1020.8,9.9,10.0,6.9,,
2011,11,20,5,50,219,11.9,13.7,3.93,9.09,6.78,,1019.9,10.0,9.9,7.4,,
2011,11,20,6,50,223,13.3,16.2,3.33,8.33,6.27,,1019.0,10.2,10.0,7.2,,
2011,11,20,7,50,231,14.5,17.8,3.56,9.09,6.33,,1018.0,10.4,9.9,6.6,,
2011,11,20,8,50,226,13.0,17.1,3.39,8.33,6.29,,1017.2,10.4,9.9,7.6,,
2011,11,20,9,50,215,11.6,14.5,3.15,8.33,5.99,,1016.6,10.5,9.9,8.6,,
2011,11,20,10,50,214,12.5,15.5,3.14,8.33,6.08,,1015.6,10.8,9.9,8.8,,
2011,11,20,11,50,216,12.3,14.8,3.1,8.33,6.09,,1014.8,10.9,9.9,8.6,,
2011,11,20,12,50,219,11.7,14.2,2.94,8.33,6.05,,1014.8,10.8,9.9,8.2,,
2011,11,20,13,50,224,11.1,14.4,2.88,8.33,6.21,,1014.4,10.8,10.0,7.2,,
2011,11,20,14,50,226,12.5,14.9,2.58,7.69,5.89,,1013.2,10.9,10.0,7.5,,
2011,11,20,15,50,224,11.5,14.6,2.88,8.33,6.24,,1012.3,10.9,10.0,8.2,,
2011,11,20,16,50,231,13.0,16.0,2.99,7.69,6.28,,1011.3,11.0,10.0,8.5,,
2011,11,20,17,50,233,12.6,15.3,3.03,8.33,5.99,,1010.5,11.1,10.0,8.3,,
2011,11,20,18,50,240,10.9,13.8,2.99,7.69,5.9,,1010.7,11.0,10.0,8.3,,
2011,11,20,19,50,239,10.7,12.9,3.05,8.33,5.96,,1011.0,11.0,10.0,8.2,,
2011,11,20,20,50,241,9.7,11.3,2.93,7.69,5.87,,1011.7,11.1,10.0,8.3,,
2011,11,20,21,50,243,9.2,10.7,2.66,7.69,5.85,,1012.3,11.2,10.0,8.4,,
2011,11,20,22,50,251,8.9,10.5,2.65,8.33,6.01,,1013.3,11.2,10.0,8.5,,
2011,11,20,23,50,254,8.2,10.0,2.87,7.69,6.32,,1013.7,11.6,10.0,8.4,,
2011,11,21,0,50,246,7.4,8.8,2.38,8.33,6.04,,1014.2,11.3,10.0,8.6,,
2011,11,21,1,50,252,6.7,7.6,2.13,8.33,6.21,,1014.5,11.1,10.0,8.7,,
2011,11,21,2,50,312,7.6,10.1,2.25,9.09,6.66,,1015.2,11.3,10.0,7.5,,
2011,11,21,3,50,322,7.9,9.2,2.19,7.69,6.5,,1016.2,10.3,9.9,4.8,,
2011,11,21,4,50,342,9.8,11.3,1.94,8.33,5.84,,1016.9,8.8,9.9,3.6,,
2011,11,21,5,50,342,10.1,12.0,1.66,7.14,5.13,,1017.3,7.4,9.9,1.8,,
2011,11,21,6,50,342,10.1,11.9,1.78,7.14,5.0,,1018.4,6.6,9.9,0.8,,
2011,11,21,7,50,338,8.7,10.4,1.59,7.69,4.96,,1019.0,5.9,9.9,0.3,,
2011,11,21,8,50,1,8.1,10.3,1.59,7.14,5.04,,1019.8,5.5,9.8,0.4,,
2011,11,21,9,50,6,10.9,13.6,1.51,7.69,4.79,,1020.8,3.7,9.8,-2.4,,
2011,11,21,10,50,357,10.6,13.4,1.54,5.0,4.69,,1022.1,2.8,9.8,-3.3,,
2011,11,21,11,50,360,10.9,14.2,1.42,4.76,4.34,,1023.2,2.0,9.8,-4.0,,
2011,11,21,12,50,357,10.5,12.7,1.5,4.76,4.33,,1024.5,1.5,9.8,-4.7,,
2011,11,21,13,50,1,11.7,13.2,1.4,4.55,4.16,,1025.0,1.0,9.8,-5.7,,
2011,11,21,14,50,5,8.8,11.4,1.15,4.55,3.91,,1025.9,0.6,9.7,-6.4,,
2011,11,21,15,50,4,7.7,9.7,1.03,4.17,3.8,,1025.9,1.0,9.8,-7.1,,
2011,11,21,16,50,359,7.0,9.4,0.93,3.85,3.76,,1025.7,1.3,9.8,-7.5,,
2011,11,21,17,50,357,6.6,8.9,0.8,4.35,3.82,,1025.7,1.8,9.8,-7.9,,
2011,11,21,18,50,5,5.8,7.5,0.7,4.17,3.74,,1025.3,2.2,9.8,-8.5,,
2011,11,21,19,50,357,5.9,8.2,0.64,4.17,3.83,,1025.6,2.6,9.8,-8.5,,
2011,11,21,20,50,352,5.4,7.2,0.59,4.0,3.94,,1025.9,2.6,9.7,-8.9,,
2011,11,21,21,50,355,6.3,8.8,0.55,3.85,4.08,,1026.8,2.7,9.6,-8.2,,
2011,11,21,22,50,349,5.7,7.6,0.6,5.26,4.06,,1027.4,2.5,9.6,-7.9,,
2011,11,21,23,50,356,5.8,7.3,0.64,3.85,3.91,,1027.5,2.2,9.6,-9.3,,
2011,11,22,0,50,344,5.7,7.7,0.65,3.7,3.86,,1027.8,2.2,9.6,-8.6,,
2011,11,22,1,50,10,6.0,8.4,0.6,3.33,3.5,,1028.5,2.0,9.5,-8.6,,
2011,11,22,2,50,28,3.6,5.6,0.56,3.33,3.55,,1028.3,1.8,9.4,-9.2,,
2011,11,22,3,50,10,4.3,6.2,0.51,2.86,3.48,,1028.1,1.9,9.4,-8.6,,
2011,11,22,4,50,7,4.4,6.1,0.45,8.33,3.53,,1028.7,2.0,9.5,-7.7,,
2011,11,22,5,50,41,3.8,5.4,0.44,8.33,3.7,,1028.6,1.9,9.4,-7.1,,
2011,11,22,6,50,29,3.1,5.1,0.36,9.09,3.95,,1028.9,1.8,9.5,-7.1,,
2011,11,22,7,50,37,3.5,5.3,0.36,9.09,4.23,,1028.6,1.7,9.7,-7.5,,
2011,11,22,8,50,6,2.3,3.8,0.36,10.0,4.31,,1029.0,1.8,9.6,-7.8,,
2011,11,22,9,50,21,2.3,3.3,0.38,9.09,4.63,,1029.1,2.0,9.4,-5.7,,
2011,11,22,10,50,50,2.0,3.1,0.39,7.14,4.64,,1029.5,1.9,9.4,-5.3,,
2011,11,22,11,50,63,0.6,1.6,0.42,8.33,4.75,,1029.7,2.0,9.5,-5.8,,
2011,11,22,12,50,113,1.3,2.4,0.4,7.69,4.5,,1029.8,2.6,9.5,-5.3,,
2011,11,22,13,50,98,1.5,2.5,0.39,9.09,4.47,,1029.8,2.7,9.5,-5.5,,
2011,11,22,14,50,290,0.4,1.5,0.41,9.09,4.43,,1029.8,3.1,9.5,-5.6,,
2011,11,22,15,50,230,2.1,3.3,0.41,10.81,4.1,,1029.6,3.2,9.5,-5.1,,
2011,11,22,16,50,235,3.6,5.4,0.38,9.09,4.48,,1029.2,3.6,9.5,-4.3,,
2011,11,22,17,50,221,4.3,5.4,0.36,9.09,4.67,,1028.5,4.3,9.6,-3.3,,
2011,11,22,18,50,228,3.5,5.2,0.36,9.09,4.46,,1028.1,4.4,9.6,-2.9,,
2011,11,22,19,50,229,5.3,6.4,0.36,11.43,4.29,,1027.5,5.1,9.7,-1.8,,
2011,11,22,20,50,268,3.9,5.3,0.42,10.0,4.01,,1027.8,5.5,9.7,-1.8,,
2011,11,22,21,50,263,5.1,7.0,0.48,9.09,3.65,,1027.9,5.6,9.7,-1.8,,
2011,11,22,22,50,270,4.9,6.0,0.51,8.33,3.75,,1028.1,5.7,9.6,-2.8,,
2011,11,22,23,50,292,3.3,4.8,0.55,9.09,4.31,,1028.0,5.6,9.7,-2.0,,
2011,11,23,0,50,345,5.0,6.0,0.48,9.09,4.55,,1027.9,5.1,9.5,-2.4,,
2011,11,23,1,50,5,5.5,6.8,0.46,9.09,4.09,,1027.6,4.5,9.5,-3.5,,
2011,11,23,2,50,8,4.9,6.0,0.5,9.09,3.57,,1027.5,4.4,9.5,-4.2,,
2011,11,23,3,50,28,4.3,5.7,0.53,9.09,3.65,,1027.3,4.4,9.4,-4.7,,
2011,11,23,4,50,47,5.0,6.3,0.46,9.09,3.73,,1026.6,4.7,9.7,-3.1,,
2011,11,23,5,50,56,4.5,5.6,0.42,10.81,4.59,,1026.6,4.6,9.5,-3.0,,
2011,11,23,6,50,56,5.1,6.3,0.4,9.09,4.72,,1026.0,5.0,9.5,-1.6,,
2011,11,23,7,50,81,6.3,7.6,0.45,9.09,4.18,,1024.7,5.1,9.5,-0.2,,
2011,11,23,8,50,92,6.3,7.9,0.49,10.81,3.51,,1023.7,5.0,9.5,1.2,,
2011,11,23,9,50,99,8.6,10.9,0.63,9.09,3.76,,1021.2,4.3,9.5,1.6,,
2011,11,23,10,50,145,7.0,9.0,0.71,10.0,3.9,,1020.0,4.1,9.5,1.4,,
2011,11,23,11,50,143,9.7,11.7,0.79,3.23,3.51,,1019.6,3.6,9.5,1.6,,
2011,11,23,12,50,108,10.4,11.9,1.09,4.17,3.8,,1017.4,1.6,9.6,0.6,,
2011,11,23,13,50,111,13.3,15.3,1.34,4.55,3.94,,1015.3,3.4,9.5,1.9,,
2011,11,23,14,50,96,14.3,16.5,1.88,5.56,4.46,,1013.7,2.5,9.5,1.4,,
2011,11,23,15,50,82,14.8,17.3,2.46,6.25,5.19,,1010.1,2.4,9.5,1.5,,
2011,11,23,16,50,68,14.8,17.8,2.8,6.67,5.44,,1008.2,3.5,9.5,2.2,,
2011,11,23,17,50,60,16.1,19.2,2.58,6.67,5.1,,1006.0,3.7,9.5,2.2,,
2011,11,23,18,50,48,16.3,19.9,3.4,5.88,5.45,,1004.5,3.6,9.4,2.4,,
2011,11,23,19,50,39,17.4,20.7,3.2,6.67,5.43,,1004.1,3.2,9.5,2.2,,
2011,11,23,20,50,36,18.4,23.2,3.95,7.14,5.97,,1003.2,4.0,9.4,2.5,,
2011,11,23,21,50,28,18.1,22.1,4.21,7.69,6.26,,1003.1,2.9,9.4,1.9,,
2011,11,23,22,50,25,17.7,22.4,4.19,7.69,6.48,,1004.3,2.9,9.4,1.3,,
2011,11,23,23,50,23,17.7,22.3,4.8,8.33,6.75,,1004.2,2.9,9.4,1.1,,
2011,11,24,0,50,24,16.9,20.6,4.63,9.09,6.99,,1005.1,2.9,9.4,0.7,,
2011,11,24,1,50,25,16.8,20.6,4.49,9.09,6.9,,1005.8,2.7,9.4,0.4,,
2011,11,24,2,50,8,14.3,18.2,3.96,8.33,6.43,,1007.0,1.9,9.4,-0.4,,
2011,11,24,3,50,1,13.7,16.5,3.01,6.67,5.79,,1008.2,0.8,9.4,-1.3,,
2011,11,24,4,50,358,13.5,16.6,2.89,9.09,5.5,,1008.7,0.9,9.4,-1.1,,
2011,11,24,5,50,358,13.6,16.0,2.81,8.33,5.64,,1009.7,0.8,9.4,-1.3,,
2011,11,24,6,50,5,13.3,16.3,2.58,5.56,5.11,,1010.2,1.0,9.5,-1.1,,
2011,11,24,7,50,6,13.1,16.2,2.17,5.56,5.12,,1010.6,1.3,9.6,-0.8,,
2011,11,24,8,50,358,12.0,14.2,2.11,5.26,4.92,,1011.4,1.1,9.5,-0.7,,
2011,11,24,9,50,356,12.2,15.1,2.05,5.56,5.01,,1012.7,1.3,9.5,-0.8,,
2011,11,24,10,50,2,11.7,13.9,2.03,5.88,5.21,,1012.8,1.0,9.5,-1.1,,
2011,11,24,11,50,355,10.9,13.2,1.93,5.56,5.27,,1013.9,0.8,9.5,-1.4,,
2011,11,24,12,50,1,10.3,12.7,2.02,10.81,5.65,,1014.9,1.1,9.5,-1.3,,
2011,11,24,13,50,357,10.0,12.7,1.77,9.09,5.21,,1016.1,0.9,9.4,-1.8,,
2011,11,24,14,50,358,8.0,10.6,1.71,10.81,5.45,,1016.4,0.6,9.4,-2.2,,
2011,11,24,15,50,351,6.5,8.1,1.72,10.81,5.32,,1016.6,0.4,9.4,-2.7,,
2011,11,24,16,50,354,4.8,7.4,1.53,10.81,5.27,,1016.6,0.6,9.4,-2.7,,
2011,11,24,17,50,357,4.0,5.6,1.3,10.81,5.28,,1017.0,0.6,9.3,-3.0,,
2011,11,24,18,50,346,3.5,6.0,1.19,11.43,5.6,,1017.4,0.9,9.4,-3.0,,
2011,11,24,19,50,312,4.4,5.7,1.08,11.43,5.63,,1018.6,1.2,9.4,-2.7,,
2011,11,24,20,50,299,2.9,4.5,1.07,11.43,6.78,,1018.6,1.1,9.4,-2.9,,
2011,11,24,21,50,273,4.3,6.0,0.98,10.81,7.16,,1018.8,1.5,9.4,-2.6,,
2011,11,24,22,50,285,4.6,6.2,0.95,10.81,7.29,,1019.0,2.2,9.3,-2.3,,
2011,11,24,23,50,269,5.1,6.5,0.97,10.0,6.75,,1019.1,2.8,9.3,-2.3,,
2011,11,25,0,50,264,5.3,7.3,1.04,11.43,6.49,,1019.0,3.3,9.4,-2.0,,
2011,11,25,1,50,279,7.0,8.5,1.15,10.81,6.36,,1018.7,4.0,9.4,-1.7,,
2011,11,25,2,50,281,6.3,8.6,1.02,10.81,5.36,,1018.8,3.9,9.3,-2.3,,
2011,11,25,3,50,266,5.4,7.3,1.1,10.81,5.44,,1018.8,4.1,9.3,-2.1,,
2011,11,25,4,50,261,5.5,7.9,0.96,10.81,5.72,,1019.0,4.2,9.3,-1.7,,
2011,11,25,5,50,282,5.1,7.1,0.87,10.81,5.62,,1019.0,4.5,9.3,-1.7,,
2011,11,25,6,50,245,3.8,5.7,0.8,10.0,5.87,,1019.1,4.6,9.3,-1.7,,
2011,11,25,7,50,252,3.8,5.2,0.75,10.0,5.99,,1019.1,4.7,9.3,-1.5,,
2011,11,25,8,50,265,4.1,5.4,0.77,10.0,5.72,,1018.8,5.2,9.4,-0.8,,
2011,11,25,9,50,217,3.6,4.5,0.75,9.09,5.63,,1018.5,5.5,9.5,-0.1,,
2011,11,25,10,50,197,4.4,5.5,0.73,8.33,5.65,,1018.5,5.7,9.5,0.5,,
2011,11,25,11,50,212,5.8,7.8,0.76,10.0,5.1,,1017.9,6.8,9.4,2.1,,
2011,11,25,12,50,225,7.6,9.3,0.86,10.0,4.19,,1017.7,7.0,9.4,2.8,,
2011,11,25,13,50,221,8.3,9.9,0.92,10.0,4.08,,1017.3,8.0,9.4,3.6,,
2011,11,25,14,50,213,8.9,10.6,0.99,3.85,4.07,,1017.0,8.3,9.4,4.4,,
2011,11,25,15,50,201,9.7,11.4,1.06,4.35,4.14,,1015.8,8.4,9.4,4.8,,
2011,11,25,16,50,209,9.1,10.6,1.26,4.76,4.51,,1014.9,9.0,9.4,5.7,,
2011,11,25,17,50,210,8.2,10.3,1.35,5.56,4.82,,1014.4,9.4,9.4,6.8,,
2011,11,25,18,50,209,8.6,10.6,1.3,5.88,5.06,,1013.4,9.4,9.5,6.8,,
2011,11,25,19,50,208,8.8,10.9,1.56,6.25,5.07,,1013.1,9.4,9.5,7.1,,
2011,11,25,20,50,215,8.3,10.0,1.5,5.56,4.96,,1013.0,9.4,9.5,7.1,,
2011,11,25,21,50,223,9.6,11.4,1.49,5.88,4.79,,1012.7,9.5,9.5,6.8,,
2011,11,25,22,50,230,9.1,10.4,1.59,5.56,4.71,,1012.6,9.5,9.5,6.8,,
2011,11,25,23,50,241,8.4,10.2,1.66,5.26,4.69,,1012.8,9.6,9.5,7.1,,
2011,11,26,0,50,233,6.6,7.7,1.64,5.56,4.72,,1012.1,9.6,9.5,7.2,,
2011,11,26,1,50,232,5.9,7.2,1.43,5.56,4.54,,1012.1,9.7,9.5,7.4,,
2011,11,26,2,50,245,6.0,7.2,1.45,5.88,4.91,,1012.4,9.8,9.4,7.6,,
2011,11,26,3,50,278,4.5,5.2,1.25,6.25,4.82,,1013.0,9.7,9.7,7.7,,
2011,11,26,4,50,284,4.5,5.3,1.26,5.88,5.11,,1013.5,9.2,9.7,6.9,,
2011,11,26,5,50,261,3.8,4.9,1.2,6.67,5.32,,1014.1,9.0,9.7,6.2,,
2011,11,26,6,50,273,3.9,4.8,1.15,6.67,5.34,,1014.4,9.1,9.6,4.9,,
2011,11,26,7,50,242,2.8,3.3,1.17,6.67,5.48,,1014.9,9.1,9.4,6.8,,
2011,11,26,8,50,252,2.9,3.8,1.12,6.25,5.42,,1015.2,9.4,9.5,7.0,,
2011,11,26,9,50,276,3.6,4.3,1.09,5.88,5.08,,1015.4,9.6,9.5,6.9,,
2011,11,26,10,50,273,3.5,4.1,1.1,5.88,4.96,,1015.9,9.7,9.5,6.9,,
2011,11,26,11,50,257,3.3,3.8,1.13,5.26,4.89,,1016.7,9.6,9.5,7.3,,
2011,11,26,12,50,299,2.0,2.5,1.15,5.56,4.86,,1017.7,9.6,9.5,7.3,,
2011,11,26,13,50,301,3.9,4.6,1.17,5.88,5.0,,1018.4,9.4,9.4,5.9,,
2011,11,26,14,50,310,3.1,4.0,1.02,6.25,5.08,,1018.6,9.1,9.6,4.6,,
2011,11,26,15,50,314,4.2,5.2,0.95,6.25,5.35,,1018.6,9.5,9.7,4.7,,
2011,11,26,16,50,323,2.1,2.7,1.03,6.25,5.47,,1018.5,9.4,9.7,4.9,,
2011,11,26,17,50,269,1.7,2.2,1.02,6.25,5.54,,1019.0,9.5,9.8,5.8,,
2011,11,26,18,50,283,2.6,2.9,1.0,6.67,5.62,,1019.0,9.3,9.7,5.8,,
2011,11,26,19,50,279,2.7,3.2,0.93,6.25,5.4,,1019.9,9.4,9.7,6.7,,
2011,11,26,20,50,296,2.7,3.2,0.94,5.88,5.14,,1020.9,9.7,9.6,6.6,,
2011,11,26,21,50,302,1.9,2.2,0.9,6.25,4.75,,1021.8,9.6,9.5,6.6,,
2011,11,26,22,50,326,1.8,2.4,0.86,6.25,4.93,,1022.0,9.6,9.5,5.9,,
2011,11,26,23,50,335,3.8,4.2,0.82,5.56,4.73,,1023.1,9.7,9.5,6.2,,
2011,11,27,0,50,356,5.3,6.2,0.8,5.56,4.64,,1023.5,9.1,9.5,5.4,,
2011,11,27,1,50,49,7.1,8.3,0.78,5.26,4.36,,1023.1,8.8,9.5,4.4,,
2011,11,27,2,50,40,6.4,7.3,0.76,6.67,4.21,,1024.1,8.4,9.5,3.7,,
2011,11,27,3,50,38,7.3,8.5,0.84,3.45,4.09,,1024.3,7.8,9.7,3.2,,
2011,11,27,4,50,50,8.2,9.5,0.91,4.35,3.99,,1023.9,7.9,9.6,3.1,,
2011,11,27,5,50,66,6.4,7.5,0.88,3.85,4.02,,1024.2,7.9,9.6,3.2,,
2011,11,27,6,50,69,6.0,6.9,0.92,4.0,4.02,,1024.6,8.1,9.7,3.8,,
2011,11,27,7,50,56,5.4,6.1,0.82,4.35,3.76,,1025.4,8.3,9.7,4.0,,
2011,11,27,8,50,73,6.2,7.4,0.78,3.85,3.78,,1024.8,8.3,9.6,4.1,,
2011,11,27,9,50,88,5.8,7.1,0.74,3.57,3.74,,1025.3,8.2,9.5,4.6,,
2011,11,27,10,50,93,6.8,8.2,0.79,4.76,3.76,,1025.3,7.8,9.5,4.9,,
2011,11,27,11,50,95,5.6,6.7,0.75,3.7,3.86,,1026.5,7.5,9.4,4.7,,
2011,11,27,12,50,103,6.3,7.5,0.73,5.0,3.99,,1026.8,7.6,9.4,5.0,,
2011,11,27,13,50,116,7.3,8.5,0.74,4.55,3.98,,1026.9,7.7,9.5,5.1,,
2011,11,27,14,50,120,7.2,8.8,0.72,4.35,3.8,,1027.1,7.6,9.6,5.0,,
2011,11,27,15,50,122,7.9,9.3,0.78,3.85,3.83,,1026.2,7.6,9.7,5.1,,
2011,11,27,16,50,126,9.0,10.6,0.99,4.17,3.82,,1025.3,8.0,9.7,5.1,,
2011,11,27,17,50,126,8.9,10.7,1.12,4.17,3.84,,1025.2,8.3,9.7,5.5,,
2011,11,27,18,50,133,9.3,11.3,1.28,4.76,4.24,,1025.1,8.5,9.7,5.7,,
2011,11,27,19,50,134,9.8,11.9,1.37,5.0,4.32,,1025.3,8.7,9.7,5.8,,
2011,11,27,20,50,138,10.4,12.6,1.45,5.26,4.5,,1025.1,8.6,9.6,5.8,,
2011,11,27,21,50,132,11.0,13.2,1.64,5.88,4.74,,1024.7,8.7,9.6,6.2,,
2011,11,27,22,50,131,10.9,13.8,1.84,5.88,4.84,,1024.1,8.8,9.6,6.6,,
2011,11,27,23,50,132,11.3,14.2,1.8,5.26,4.85,,1023.5,8.9,9.5,6.7,,
2011,11,28,0,50,144,12.0,15.0,1.86,6.25,4.81,,1022.8,9.1,9.5,6.9,,
2011,11,28,1,50,145,13.5,16.2,2.11,5.88,4.87,,1021.7,9.2,9.5,7.2,,
2011,11,28,2,50,152,12.5,14.7,2.18,6.25,4.88,,1021.2,9.4,9.5,7.7,,
2011,11,28,3,50,157,12.4,14.8,2.12,6.67,4.88,,1020.0,9.6,9.7,8.2,,
2011,11,28,4,50,166,11.2,13.8,2.18,6.25,5.05,,1019.3,9.9,9.7,8.4,,
2011,11,28,5,50,177,10.2,12.6,2.07,5.88,5.07,,1019.0,10.4,9.7,8.4,,
2011,11,28,6,50,187,10.4,12.0,1.92,6.25,4.94,,1018.4,10.9,9.7,8.9,,
2011,11,28,7,50,191,9.5,11.8,1.79,6.25,5.08,,1018.0,10.9,9.7,9.2,,
2011,11,28,8,50,194,9.4,11.1,1.66,6.67,5.01,,1017.4,11.0,9.7,9.2,,
2011,11,28,9,50,199,9.7,11.9,1.42,6.25,4.8,,1017.4,11.2,9.6,9.2,,
2011,11,28,10,50,203,9.6,11.3,1.5,6.25,4.8,,1016.8,11.1,9.6,9.0,,
2011,11,28,11,50,207,11.0,13.3,1.57,5.56,4.74,,1016.3,11.3,9.5,9.1,,
2011,11,28,12,50,210,12.2,14.8,1.79,5.56,4.81,,1015.9,11.3,9.5,9.0,,
2011,11,28,13,50,214,11.8,14.3,2.36,6.25,5.02,,1015.7,11.3,9.5,9.1,,
2011,11,28,14,50,216,10.9,13.3,2.49,6.25,5.1,,1015.8,11.2,9.5,9.1,,
2011,11,28,15,50,217,11.6,13.9,2.61,6.25,5.29,,1015.0,11.3,9.5,9.0,,
2011,11,28,16,50,221,12.6,15.9,2.63,7.14,5.39,,1014.1,11.4,9.5,9.1,,
2011,11,28,17,50,233,10.7,13.5,2.78,7.69,5.7,,1014.4,11.6,9.6,9.1,,
2011,11,28,18,50,238,9.6,11.3,2.86,7.14,6.0,,1014.6,11.1,9.6,9.1,,
2011,11,28,19,50,234,9.5,11.3,2.68,7.69,6.03,,1014.8,11.1,9.6,9.1,,
2011,11,28,20,50,232,10.0,12.0,2.55,7.69,6.25,,1015.2,10.9,9.6,9.1,,
2011,11,28,21,50,248,8.0,10.1,2.16,7.69,5.95,,1016.2,11.0,9.5,9.1,,
2011,11,28,22,50,243,7.3,9.0,1.87,7.69,5.64,,1017.1,11.0,9.5,9.1,,
2011,11,28,23,50,238,7.3,8.5,1.9,7.14,5.63,,1017.7,10.9,9.5,9.0,,
2011,11,29,0,50,250,6.2,7.1,1.89,7.14,5.46,,1018.3,10.8,9.6,9.0,,
2011,11,29,1,50,296,4.8,5.4,1.83,7.14,5.55,,1019.2,10.5,9.5,8.9,,
2011,11,29,2,50,332,5.5,6.9,1.61,7.14,5.32,,1019.6,10.5,9.5,6.3,,
2011,11,29,3,50,352,4.8,5.7,1.44,6.67,5.17,,1020.0,9.8,9.5,6.0,,
2011,11,29,4,50,15,3.3,4.1,1.12,6.67,5.03,,1020.8,9.3,9.5,4.9,,
2011,11,29,5,50,51,1.9,2.5,1.15,6.67,5.14,,1020.8,9.1,9.5,5.1,,
2011,11,29,6,50,52,4.2,5.0,1.06,6.25,5.06,,1021.3,8.9,9.5,5.0,,
2011,11,29,7,50,80,5.9,6.7,1.05,6.67,5.13,,1021.1,8.8,9.5,5.0,,
2011,11,29,8,50,85,5.9,6.7,0.97,6.67,4.56,,1021.2,8.8,9.5,5.1,,
2011,11,29,9,50,83,5.8,6.8,0.93,6.67,4.47,,1021.6,8.6,9.5,4.8,,
2011,11,29,10,50,88,5.8,6.6,0.99,6.25,4.71,,1022.2,8.5,9.5,4.1,,
2011,11,29,11,50,97,7.1,8.2,0.9,6.25,4.32,,1021.9,8.6,9.5,4.0,,
2011,11,29,12,50,108,6.6,8.0,0.82,5.88,4.15,,1021.8,8.9,9.5,4.6,,
2011,11,29,13,50,100,6.3,7.3,0.86,5.26,4.11,,1021.5,9.0,9.5,5.6,,
2011,11,29,14,50,110,6.4,7.5,0.87,5.26,4.15,,1021.8,9.0,9.5,6.5,,
2011,11,29,15,50,130,6.2,7.4,0.87,8.33,4.18,,1020.9,9.4,9.5,7.3,,
2011,11,29,16,50,142,5.9,7.1,0.79,10.0,4.16,,1020.2,9.6,9.5,8.2,,
2011,11,29,17,50,153,5.1,6.3,0.78,5.0,4.22,,1019.8,9.8,9.6,8.7,,
2011,11,29,18,50,164,5.2,6.0,0.79,8.33,4.41,,1019.4,9.9,9.6,8.9,,
2011,11,29,19,50,153,5.5,6.6,0.83,4.0,4.28,,1019.2,10.0,9.6,9.0,,
2011,11,29,20,50,153,5.3,6.3,0.77,4.35,4.39,,1019.1,10.2,9.6,9.1,,
2011,11,29,21,50,145,5.6,6.4,0.81,4.17,4.22,,1019.0,10.2,9.5,9.0,,
2011,11,29,22,50,132,4.7,5.4,0.74,4.76,4.2,,1018.9,10.4,9.5,8.9,,
2011,11,29,23,50,140,6.0,7.1,0.7,4.35,4.23,,1018.5,11.0,9.5,8.7,,
2011,11,30,0,50,140,6.9,8.2,0.71,4.17,3.86,,1018.0,10.9,9.5,8.8,,
2011,11,30,1,50,143,6.8,7.8,0.76,4.0,3.81,,1017.3,10.9,9.5,9.1,,
2011,11,30,2,50,153,8.6,9.8,0.84,3.85,3.8,,1016.1,11.0,9.5,9.4,,
2011,11,30,3,50,149,9.8,11.6,0.89,3.57,3.7,,1014.8,11.2,9.5,9.8,,
2011,11,30,4,50,146,8.1,9.5,1.0,4.0,3.74,,1013.8,11.0,9.5,9.9,,
2011,11,30,5,50,142,8.3,9.6,1.01,4.17,3.88,,1012.5,11.4,9.5,10.2,,
2011,11,30,6,50,154,10.5,12.1,1.18,4.17,4.0,,1011.7,12.1,9.5,10.7,,
2011,11,30,7,50,149,9.5,11.2,1.37,5.56,4.34,,1010.6,11.8,9.5,10.6,,
2011,11,30,8,50,150,9.1,10.5,1.57,5.88,4.77,,1009.8,11.7,9.5,10.7,,
2011,11,30,9,50,145,10.6,12.6,1.78,6.25,4.96,,1008.3,11.9,9.5,10.9,,
2011,11,30,10,50,146,12.2,14.3,1.74,6.25,4.87,,1007.0,12.2,9.5,11.1,,
2011,11,30,11,50,145,12.6,15.6,2.01,6.25,5.03,,1005.8,12.3,9.5,11.5,,
2011,11,30,12,50,149,13.2,15.9,2.11,6.25,5.27,,1005.2,12.5,9.5,11.8,,
2011,11,30,13,50,152,12.6,14.5,2.53,6.67,5.4,,1004.1,12.1,9.5,11.5,,
2011,11,30,14,50,174,12.1,14.8,3.01,7.14,5.76,,1003.6,12.2,9.5,11.7,,
2011,11,30,15,50,205,9.1,10.6,2.72,6.67,5.57,,1003.9,11.2,9.5,10.7,,
2011,11,30,16,50,205,7.5,9.3,2.53,7.69,5.65,,1003.4,10.4,9.5,9.8,,
2011,11,30,17,50,181,8.9,10.8,2.33,7.14,5.68,,1001.8,10.2,9.5,9.1,,
2011,11,30,18,50,190,9.1,11.0,2.27,7.14,5.65,,1001.6,10.3,9.5,8.3,,
2011,11,30,19,50,200,9.1,10.8,2.29,7.14,5.84,,1001.8,10.5,9.5,7.5,,
2011,11,30,20,50,203,9.4,11.4,1.96,7.69,5.49,,1002.2,10.6,9.5,7.9,,
2011,11,30,21,50,206,9.2,11.5,1.93,7.14,5.66,,1002.7,10.4,9.5,8.3,,
2011,11,30,22,50,214,8.8,10.7,2.02,7.69,5.74,,1003.6,10.2,9.5,8.3,,
2011,11,30,23,50,213,9.6,11.2,2.12,7.14,5.77,,1004.0,10.1,9.5,8.2,,
2011,12,1,0,50,222,9.1,10.6,2.03,7.69,5.68,,1004.6,10.1,9.5,7.3,,
2011,12,1,1,50,225,8.1,10.0,2.06,7.69,5.77,,1005.3,9.9,9.5,7.3,,
2011,12,1,2,50,227,8.0,9.4,2.3,7.69,6.03,,1005.6,9.9,9.5,7.4,,
2011,12,1,3,50,231,7.8,9.2,2.48,8.33,6.19,,1006.3,9.9,9.5,6.7,,
2011,12,1,4,50,239,7.7,8.9,2.7,9.09,6.62,,1006.4,9.9,9.5,6.5,,
2011,12,1,5,50,250,6.4,8.1,2.58,8.33,6.45,,1007.1,9.6,9.5,6.2,,
2011,12,1,6,50,267,6.2,7.8,2.51,10.0,6.8,,1007.9,9.4,9.5,5.6,,
2011,12,1,7,50,288,6.0,7.1,2.29,9.09,6.67,,1008.4,9.1,9.5,5.1,,
2011,12,1,8,50,322,5.6,6.8,2.07,10.0,6.71,,1009.0,8.3,9.4,4.4,,
2011,12,1,9,50,339,6.3,7.7,1.98,9.09,6.81,,1010.1,8.2,9.4,4.2,,
2011,12,1,10,50,341,9.4,11.6,2.15,10.81,7.03,,1010.9,7.9,9.5,3.0,,
2011,12,1,11,50,335,9.3,11.5,2.02,10.0,5.87,,1012.3,7.0,9.4,2.8,,
2011,12,1,12,50,344,8.9,10.7,1.93,10.0,5.5,,1013.5,6.6,9.4,2.7,,
2011,12,1,13,50,344,9.9,12.2,1.83,10.0,5.81,,1015.0,6.5,9.4,2.0,,
2011,12,1,14,50,346,9.6,12.3,1.83,10.0,5.8,,1015.7,6.2,9.4,1.8,,
2011,12,1,15,50,355,8.5,10.8,1.91,9.09,5.77,,1015.5,6.1,9.4,1.6,,
2011,12,1,16,50,344,8.3,9.8,1.75,9.09,5.66,,1015.7,6.3,9.4,1.5,,
2011,12,1,17,50,360,8.3,10.5,1.67,9.09,5.71,,1015.8,5.9,9.4,1.3,,
2011,12,1,18,50,1,8.1,10.2,1.68,9.09,5.58,,1016.3,5.8,9.4,0.5,,
2011,12,1,19,50,354,8.3,10.5,1.75,9.09,6.03,,1016.8,6.0,9.4,-0.2,,
2011,12,1,20,50,342,8.5,11.0,1.7,9.09,5.61,,1017.7,5.9,9.5,-0.9,,
2011,12,1,21,50,340,10.2,12.8,1.71,9.09,5.26,,1018.4,5.6,9.5,-1.6,,
2011,12,1,22,50,344,11.0,13.1,1.7,9.09,4.78,,1019.5,5.1,9.5,-2.4,,
2011,12,1,23,50,350,10.4,12.1,1.52,9.09,4.33,,1020.3,4.5,9.4,-2.8,,
2011,12,2,0,50,358,10.3,12.3,1.42,10.0,4.38,,1021.0,3.6,9.3,-2.4,,
2011,12,2,1,50,354,11.4,13.5,1.34,9.09,4.37,,1021.7,2.9,9.3,-3.2,,
2011,12,2,2,50,360,9.7,11.5,1.36,9.09,4.58,,1022.3,2.6,9.3,-3.1,,
2011,12,2,3,50,349,10.5,12.0,1.26,4.55,4.46,,1022.7,2.2,9.3,-4.2,,
2011,12,2,4,50,7,9.2,11.5,1.2,10.0,4.52,,1023.1,2.1,9.3,-3.8,,
2011,12,2,5,50,6,9.1,11.0,1.22,10.81,4.4,,1023.4,2.1,9.3,-4.0,,
2011,12,2,6,50,352,8.8,11.3,1.22,9.09,4.67,,1024.3,1.8,9.2,-4.4,,
2011,12,2,7,50,360,8.6,10.6,1.19,10.0,4.76,,1024.3,1.6,9.3,-4.5,,
2011,12,2,8,50,5,7.0,8.7,,,,,1024.8,1.5,9.3,-4.1,,
2011,12,2,9,50,356,6.5,8.6,1.03,9.09,4.73,,1025.4,1.4,9.3,-3.6,,
2011,12,2,10,50,8,6.2,7.6,0.99,9.09,4.49,,1025.5,1.2,9.3,-4.4,,
2011,12,2,11,50,14,6.5,7.7,0.9,10.0,4.37,,1026.1,1.3,9.3,-4.3,,
2011,12,2,12,50,6,5.4,6.9,0.83,9.09,4.4,,1026.9,1.3,9.2,-4.7,,
2011,12,2,13,50,26,5.0,6.1,0.78,8.33,4.51,,1027.0,1.5,9.2,-4.3,,
2011,12,2,14,50,20,2.6,4.0,0.78,10.0,5.06,,1027.7,1.8,9.3,-4.0,,
2011,12,2,15,50,316,1.0,1.8,0.73,10.81,5.81,,1027.2,2.0,9.3,-4.3,,
2011,12,2,16,50,3,1.2,3.0,0.87,10.81,7.1,,1026.7,2.2,9.3,-4.2,,
2011,12,2,17,50,19,1.3,3.1,0.8,10.81,7.2,,1026.2,2.6,9.4,-3.4,,
2011,12,2,18,50,333,0.2,0.8,0.93,10.81,7.77,,1025.6,2.9,9.4,-4.8,,
2011,12,2,19,50,249,1.3,1.9,1.06,10.0,8.24,,1026.2,3.4,9.3,-3.7,,
2011,12,2,20,50,211,1.3,2.3,1.11,10.0,8.53,,1026.2,3.0,9.3,-3.1,,
2011,12,2,21,50,223,1.6,3.0,0.96,10.0,8.34,,1026.7,3.3,9.3,-2.5,,
2011,12,2,22,50,160,2.3,3.5,0.98,10.0,8.33,,1026.8,3.8,9.3,-2.1,,
2011,12,2,23,50,141,2.3,3.4,0.92,10.0,8.5,,1027.1,4.3,9.3,-1.7,,
2011,12,3,0,50,107,2.2,3.4,0.9,10.81,8.74,,1027.6,4.7,9.3,-1.1,,
2011,12,3,1,50,80,1.9,2.8,0.92,10.81,8.89,,1028.0,4.9,9.2,-0.9,,
2011,12,3,2,50,79,3.3,4.3,0.96,10.81,9.11,,1028.1,4.9,9.2,-0.5,,
2011,12,3,3,50,44,2.9,4.5,0.9,10.81,9.04,,1028.6,4.2,9.2,-0.1,,
2011,12,3,4,50,357,3.2,4.5,0.88,10.81,9.2,,1029.1,3.5,9.2,0.8,,
2011,12,3,5,50,11,3.8,4.7,0.89,10.81,9.22,,1029.6,3.8,9.2,1.2,,
2011,12,3,6,50,360,5.3,6.6,1.02,12.9,8.87,,1030.2,4.1,9.2,1.4,,
2011,12,3,7,50,340,7.5,9.4,1.24,10.0,7.81,,1030.6,4.4,9.2,1.0,,
2011,12,3,8,50,341,8.6,10.3,1.25,12.9,6.13,,1031.3,3.9,9.2,1.0,,
2011,12,3,9,50,11,8.9,11.1,1.31,12.9,5.83,,1031.6,3.6,9.3,0.7,,
2011,12,3,10,50,1,9.0,11.0,1.49,11.43,5.43,,1033.0,2.8,9.3,0.6,,
2011,12,3,11,50,2,7.4,10.1,1.54,12.12,5.65,,1034.6,2.0,9.2,-0.2,,
2011,12,3,12,50,5,8.6,10.4,1.25,12.12,5.0,,1035.8,2.6,9.2,-0.4,,
2011,12,3,13,50,10,8.5,10.9,1.4,12.9,5.09,,1036.4,2.4,9.2,-0.8,,
2011,12,3,14,50,1,7.0,9.4,1.42,11.43,5.28,,1037.1,2.6,9.2,-0.9,,
2011,12,3,15,50,355,6.5,8.2,1.26,12.12,5.39,,1037.3,2.6,9.2,-1.1,,
2011,12,3,16,50,353,6.7,8.4,1.24,12.12,5.64,,1037.2,2.4,9.1,-1.2,,
2011,12,3,17,50,10,4.9,6.6,1.13,12.12,6.36,,1036.7,2.4,9.1,-1.9,,
2011,12,3,18,50,6,4.2,5.4,1.17,11.43,6.74,,1037.1,2.8,9.1,-1.5,,
2011,12,3,19,50,14,2.6,4.0,1.07,10.81,7.05,,1036.9,2.9,9.1,-1.8,,
2011,12,3,20,50,36,1.4,2.6,1.17,10.81,7.8,,1036.9,2.9,9.1,-1.8,,
2011,12,3,21,50,49,0.7,2.3,1.09,11.43,7.93,,1037.7,3.0,9.1,-1.9,,
2011,12,3,22,50,273,1.6,2.8,1.11,11.43,7.72,,1038.4,3.3,9.1,-1.9,,
2011,12,3,23,50,277,1.3,3.3,1.06,11.43,8.05,,1038.5,3.4,9.1,-2.5,,
2011,12,4,0,50,227,1.0,1.8,0.98,11.43,7.96,,1038.1,3.7,9.1,-2.5,,
2011,12,4,1,50,236,2.2,3.5,0.91,10.81,8.23,,1038.5,4.1,9.1,-1.9,,
2011,12,4,2,50,233,3.7,5.1,0.83,11.43,8.29,,1038.4,4.2,9.1,-0.9,,
2011,12,4,3,50,209,4.6,6.0,0.79,11.43,7.76,,1037.6,4.5,9.1,-1.0,,
2011,12,4,4,50,230,5.7,7.5,0.77,10.81,6.63,,1037.1,4.8,9.2,-1.2,,
2011,12,4,5,50,205,5.3,6.4,0.87,10.81,6.61,,1036.5,5.1,9.2,-1.2,,
2011,12,4,6,50,229,6.3,7.9,0.87,10.81,5.61,,1036.5,5.5,9.1,-0.2,,
2011,12,4,7,50,222,7.5,8.8,0.84,10.81,4.47,,1036.0,5.6,9.1,-0.5,,
2011,12,4,8,50,219,7.7,9.3,0.94,10.0,4.41,,1035.5,5.9,9.1,-0.1,,
2011,12,4,9,50,224,8.2,10.2,1.01,10.0,4.44,,1035.2,6.3,9.2,0.5,,
2011,12,4,10,50,226,7.9,10.4,1.09,10.81,4.42,,1035.0,6.7,9.1,0.9,,
2011,12,4,11,50,232,9.1,10.6,1.03,10.0,4.24,,1035.3,7.2,9.1,1.7,,
2011,12,4,12,50,223,8.8,11.0,1.15,10.81,4.58,,1035.3,7.5,9.1,1.8,,
2011,12,4,13,50,230,8.5,10.2,1.19,5.26,4.58,,1035.0,7.8,9.1,2.7,,
2011,12,4,14,50,230,9.1,11.5,1.42,5.56,4.83,,1034.8,7.9,9.1,2.5,,
2011,12,4,15,50,214,9.4,11.3,1.42,5.56,4.96,,1033.9,8.1,9.1,3.0,,
2011,12,4,16,50,215,10.0,12.6,1.68,5.56,4.92,,1033.0,8.2,9.2,2.8,,
2011,12,4,17,50,217,10.2,12.7,1.67,6.25,5.04,,1032.3,8.4,9.2,3.0,,
2011,12,4,18,50,212,10.8,12.6,1.75,5.88,4.85,,1031.6,8.4,9.2,3.0,,
2011,12,4,19,50,211,10.8,12.5,1.93,5.56,4.86,,1031.3,8.4,9.2,3.8,,
2011,12,4,20,50,207,10.1,11.6,1.84,5.88,4.75,,1030.9,8.3,9.2,4.1,,
2011,12,4,21,50,199,9.9,12.3,1.74,6.25,4.71,,1030.2,8.3,9.2,4.4,,
2011,12,4,22,50,202,10.6,12.2,1.94,6.25,4.86,,1029.9,8.6,9.2,4.9,,
2011,12,4,23,50,205,9.7,11.4,1.95,6.25,4.96,,1029.9,8.9,9.2,5.8,,
2011,12,5,0,50,203,9.6,12.0,1.78,5.56,5.03,,1029.8,9.1,9.2,6.7,,
2011,12,5,1,50,202,9.9,11.7,1.77,6.25,5.14,,1029.2,9.1,9.2,6.7,,
2011,12,5,2,50,206,9.0,10.9,1.84,6.25,5.35,,1029.5,9.2,9.2,7.1,,
2011,12,5,3,50,203,9.3,11.7,1.83,6.25,5.25,,1028.6,9.4,9.3,7.5,,
2011,12,5,4,50,207,8.8,11.2,1.8,6.25,5.08,,1027.8,9.6,9.4,7.7,,
2011,12,5,5,50,217,9.6,11.8,1.82,5.88,5.26,,1027.6,9.7,9.4,8.0,,
2011,12,5,6,50,214,8.5,9.9,2.09,6.25,5.33,,1027.6,9.7,9.4,8.1,,
2011,12,5,7,50,211,8.0,9.4,1.84,6.67,4.97,,1026.9,9.7,9.3,8.1,,
2011,12,5,8,50,208,8.4,9.8,1.75,5.88,4.94,,1026.3,9.8,9.4,8.3,,
2011,12,5,9,50,214,8.5,10.2,1.83,6.25,5.07,,1025.8,9.8,9.4,8.2,,
2011,12,5,10,50,232,8.5,10.3,1.68,6.25,4.9,,1026.1,9.9,9.4,8.1,,
2011,12,5,11,50,230,8.4,9.6,1.6,6.25,4.87,,1025.8,9.6,9.4,7.9,,
2011,12,5,12,50,236,6.8,8.1,1.55,6.25,4.96,,1026.3,9.7,9.4,8.0,,
2011,12,5,13,50,229,7.5,9.2,1.56,6.25,5.02,,1026.3,9.9,9.4,7.9,,
2011,12,5,14,50,228,6.7,7.8,1.47,6.25,5.21,,1026.7,9.9,9.3,8.2,,
2011,12,5,15,50,219,7.3,9.0,1.5,5.88,5.22,,1026.0,10.1,9.3,8.4,,
2011,12,5,16,50,221,6.9,9.4,1.38,6.25,5.03,,1025.5,10.0,9.3,8.6,,
2011,12,5,17,50,230,7.2,8.6,1.3,6.25,4.76,,1025.1,9.9,9.3,8.4,,
2011,12,5,18,50,234,8.3,11.3,1.38,5.88,4.74,,1024.8,10.1,9.3,8.7,,
2011,12,5,19,50,227,5.9,7.2,1.36,5.56,4.66,,1024.6,9.9,9.3,8.6,,
2011,12,5,20,50,230,6.6,8.0,1.21,5.88,4.6,,1024.4,9.8,9.3,8.5,,
2011,12,5,21,50,231,6.7,8.7,1.21,5.56,4.47,,1024.3,9.8,9.3,8.4,,
2011,12,5,22,50,212,6.3,7.6,1.13,5.26,4.44,,1024.0,9.7,9.3,8.5,,
2011,12,5,23,50,218,5.2,6.6,1.1,5.26,4.67,,1024.1,9.7,9.3,8.7,,
2011,12,6,0,50,206,4.9,5.9,1.03,5.56,4.64,,1024.1,9.2,9.3,8.5,,
2011,12,6,1,50,190,4.4,5.2,1.05,5.26,4.8,,1023.5,9.6,9.2,9.0,,
2011,12,6,2,50,222,2.6,3.2,0.92,5.26,4.83,,1023.6,9.7,9.2,9.0,,
2011,12,6,3,50,219,4.6,5.4,0.96,5.26,5.0,,1023.2,10.1,9.1,9.2,,
2011,12,6,4,50,213,5.5,6.8,0.95,5.26,4.72,,1022.2,10.4,9.1,9.1,,
2011,12,6,5,50,215,6.4,7.9,1.08,5.0,4.56,,1021.8,10.3,9.1,9.0,,
2011,12,6,6,50,212,8.0,9.3,1.2,5.0,4.55,,1021.0,10.3,9.1,9.2,,
2011,12,6,7,50,210,7.5,8.9,1.16,4.76,4.51,,1020.4,10.4,9.1,9.4,,
2011,12,6,8,50,210,8.4,9.8,1.3,5.0,4.45,,1019.9,10.7,9.2,9.5,,
2011,12,6,9,50,212,8.0,9.3,1.46,5.0,4.44,,1019.5,10.7,9.2,9.2,,
2011,12,6,10,50,215,7.8,9.2,1.39,5.0,4.34,,1019.7,10.8,9.2,9.3,,
2011,12,6,11,50,206,8.6,10.0,1.32,5.0,4.42,,1019.4,10.7,9.2,9.1,,
2011,12,6,12,50,209,7.9,9.9,1.18,5.0,4.4,,1019.4,10.6,9.1,9.1,,
2011,12,6,13,50,212,7.2,8.3,1.17,5.26,4.5,,1019.2,10.8,9.2,9.6,,
2011,12,6,14,50,208,7.6,8.7,1.17,5.26,4.53,,1019.1,10.6,9.2,9.5,,
2011,12,6,15,50,197,9.7,11.2,1.22,5.26,4.58,,1017.6,10.9,9.2,9.8,,
2011,12,6,16,50,194,8.1,9.4,1.12,5.26,4.46,,1016.7,10.6,9.3,9.6,,
2011,12,6,17,50,187,8.6,10.2,1.17,5.56,4.5,,1015.7,10.5,9.3,9.5,,
2011,12,6,18,50,195,9.1,10.6,1.15,5.0,4.34,,1014.8,10.8,9.3,9.9,,
2011,12,6,19,50,201,9.1,11.8,1.47,5.56,4.57,,1014.3,10.8,9.3,10.1,,
2011,12,6,20,50,209,8.5,9.9,1.54,5.26,4.53,,1014.3,10.8,9.4,10.2,,
2011,12,6,21,50,233,6.3,7.6,1.39,5.0,4.6,,1014.5,10.6,9.4,10.0,,
2011,12,6,22,50,229,4.3,5.0,1.34,5.26,4.52,,1014.5,10.2,9.4,9.6,,
2011,12,6,23,50,234,3.6,4.4,1.35,5.56,4.81,,1014.2,9.9,9.4,9.4,,
2011,12,7,0,50,242,3.2,3.6,1.37,5.26,4.91,,1013.8,10.0,9.4,9.5,,
2011,12,7,1,50,323,2.7,3.5,1.24,5.56,5.08,,1013.8,9.5,9.4,9.0,,
2011,12,7,2,50,32,5.3,6.7,1.01,5.56,4.86,,1013.2,9.0,9.3,8.6,,
2011,12,7,3,50,39,6.2,7.5,1.06,5.88,5.02,,1013.2,8.7,9.2,8.3,,
2011,12,7,4,50,54,9.1,10.8,1.04,5.56,4.61,,1012.2,8.0,9.2,7.6,,
2011,12,7,5,50,44,8.0,9.1,1.13,5.56,4.07,,1012.4,7.6,9.2,6.9,,
2011,12,7,6,50,41,9.0,10.6,1.14,3.7,3.99,,1012.0,7.6,9.2,6.8,,
2011,12,7,7,50,37,8.6,10.3,1.25,4.0,4.21,,1011.9,7.5,9.1,6.5,,
2011,12,7,8,50,53,8.5,9.8,1.25,4.35,4.21,,1011.3,7.7,9.1,6.7,,
2011,12,7,9,50,50,7.3,8.7,1.24,5.0,4.39,,1010.9,7.8,9.1,6.9,,
2011,12,7,10,50,49,6.2,7.5,1.17,5.26,4.59,,1010.9,8.0,9.2,7.0,,
2011,12,7,11,50,25,6.6,7.8,1.09,5.0,4.75,,1011.6,7.8,9.2,6.9,,
2011,12,7,12,50,21,7.4,8.8,1.1,5.56,4.67,,1011.2,6.5,9.2,5.9,,
2011,12,7,13,50,38,6.2,7.4,1.13,5.88,4.59,,1011.2,6.7,9.2,6.2,,
2011,12,7,14,50,33,6.6,8.0,1.07,6.25,4.58,,1010.8,6.9,9.2,6.4,,
2011,12,7,15,50,34,5.1,6.5,1.2,5.88,4.46,,1010.7,6.6,9.2,6.1,,
2011,12,7,16,50,32,5.7,6.5,1.11,5.56,4.54,,1009.1,6.7,9.1,6.1,,
2011,12,7,17,50,359,7.4,8.6,0.98,5.56,4.14,,1009.3,5.9,9.2,5.1,,
2011,12,7,18,50,23,7.7,8.8,0.93,5.56,4.3,,1008.8,6.1,9.2,5.2,,
2011,12,7,19,50,35,7.0,8.3,0.91,5.26,4.11,,1008.3,6.5,9.2,5.5,,
2011,12,7,20,50,36,7.2,8.4,0.89,3.57,4.04,,1007.8,6.8,9.2,5.7,,
2011,12,7,21,50,46,8.6,10.0,0.91,5.26,4.21,,1007.4,7.1,9.2,6.0,,
2011,12,7,22,50,46,8.4,9.7,1.04,4.17,4.24,,1006.4,7.3,9.2,6.0,,
2011,12,7,23,50,58,7.7,9.1,1.1,4.55,4.37,,1005.7,7.7,9.2,6.6,,
2011,12,8,0,50,46,8.3,9.6,1.18,9.09,4.53,,1004.8,7.9,9.2,6.9,,
2011,12,8,1,50,43,8.1,9.6,1.24,4.35,4.41,,1004.0,8.0,9.2,7.1,,
2011,12,8,2,50,58,9.8,12.5,1.26,4.17,4.27,,1001.7,8.0,9.2,7.1,,
2011,12,8,3,50,64,9.7,11.8,1.39,4.35,4.39,,1000.3,8.1,9.2,7.3,,
2011,12,8,4,50,60,8.9,10.3,1.39,4.55,4.31,,998.8,8.4,9.2,7.7,,
2011,12,8,5,50,54,8.6,10.7,1.38,4.55,4.38,,996.6,8.4,9.3,7.8,,
2011,12,8,6,50,30,8.6,10.2,1.26,4.17,4.36,,995.1,8.4,9.1,7.8,,
2011,12,8,7,50,44,9.7,11.8,1.32,4.17,4.37,,993.0,8.5,9.2,7.9,,
2011,12,8,8,50,98,9.1,10.3,1.27,4.55,4.45,,988.4,9.7,9.2,9.1,,
2011,12,8,9,50,160,10.9,13.5,1.29,7.14,4.79,,984.8,11.7,9.2,11.2,,
2011,12,8,10,50,149,14.3,16.8,1.44,6.67,4.45,,980.4,11.9,9.2,11.2,,
2011,12,8,11,50,284,10.2,16.1,2.27,7.14,4.86,,981.0,9.3,9.3,8.3,,
2011,12,8,12,50,305,18.8,24.4,2.81,5.56,5.13,,984.4,4.2,9.2,2.7,,
2011,12,8,13,50,306,17.9,21.6,3.53,6.67,5.76,,989.6,4.6,9.3,2.6,,
2011,12,8,14,50,296,16.8,20.2,3.48,6.67,5.63,,996.0,4.9,9.3,2.0,,
2011,12,8,15,50,280,16.9,20.4,2.83,6.67,5.47,,1000.2,4.8,9.3,1.1,,
2011,12,8,16,50,280,17.1,21.1,2.92,6.67,5.51,,1002.6,4.6,9.3,-1.5,,
2011,12,8,17,50,292,15.8,18.8,2.81,6.67,5.59,,1005.2,4.2,9.3,-3.3,,
2011,12,8,18,50,295,14.4,19.1,2.74,7.14,5.65,,1007.1,4.1,9.3,-3.2,,
2011,12,8,19,50,292,14.0,17.2,2.78,7.14,5.62,,1009.7,4.3,9.3,-2.7,,
2011,12,8,20,50,276,11.4,13.9,2.76,7.14,6.07,,1011.8,4.1,9.3,-3.5,,
2011,12,8,21,50,285,10.0,12.7,2.88,10.81,6.56,,1013.8,4.2,9.3,-3.0,,
2011,12,8,22,50,280,11.5,13.2,3.38,12.12,6.95,,1015.8,4.4,9.2,-3.1,,
2011,12,8,23,50,279,9.9,13.2,3.12,10.81,6.78,,1017.2,4.0,9.2,-3.9,,
2011,12,9,0,50,281,11.0,12.8,3.08,10.81,7.02,,1018.8,3.8,9.1,-5.2,,
2011,12,9,1,50,288,10.9,13.1,2.73,11.43,6.5,,1020.3,3.6,9.1,-5.5,,
2011,12,9,2,50,278,10.4,13.4,2.57,11.43,6.45,,1021.2,3.6,9.1,-6.1,,
2011,12,9,3,50,272,9.2,11.5,2.62,12.9,6.52,,1021.8,4.0,9.0,-5.8,,
2011,12,9,4,50,267,9.0,11.4,2.65,12.12,6.81,,1022.5,4.3,9.0,-5.4,,
2011,12,9,5,50,268,6.3,8.0,2.28,12.9,6.71,,1022.4,4.6,9.0,-5.6,,
2011,12,9,6,50,255,7.6,10.1,2.25,12.12,6.87,,1022.9,5.5,9.0,-3.6,,
2011,12,9,7,50,272,8.7,10.7,2.47,11.43,7.24,,1023.3,5.7,9.0,-1.8,,
2011,12,9,8,50,264,9.5,12.4,2.19,12.12,6.36,,1023.8,5.8,9.0,-0.8,,
2011,12,9,9,50,256,8.1,9.9,2.4,12.12,6.58,,1024.4,5.6,9.0,-1.6,,
2011,12,9,10,50,248,7.6,9.3,2.04,10.81,5.86,,1025.0,5.8,9.0,-1.5,,
2011,12,9,11,50,239,8.2,9.8,2.27,12.12,6.28,,1025.2,6.3,9.0,-1.1,,
2011,12,9,12,50,241,8.0,9.7,2.34,11.43,6.25,,1025.6,6.3,9.0,-0.7,,
2011,12,9,13,50,240,8.7,10.8,2.16,12.12,6.02,,1025.9,6.7,9.0,-0.9,,
2011,12,9,14,50,235,9.4,11.5,2.06,11.43,5.83,,1026.1,6.9,9.0,-1.1,,
2011,12,9,15,50,232,8.5,10.1,2.16,11.43,5.93,,1025.7,7.1,9.0,-0.9,,
2011,12,9,16,50,231,9.2,11.6,2.07,11.43,5.78,,1025.5,7.5,9.1,-0.7,,
2011,12,9,17,50,221,9.4,11.8,2.18,10.81,6.17,,1025.1,7.6,9.1,0.5,,
2011,12,9,18,50,213,10.1,12.4,2.04,10.0,6.03,,1025.0,7.8,9.1,0.1,,
2011,12,9,19,50,213,11.5,13.9,2.13,10.0,5.74,,1025.0,7.9,9.1,0.6,,
2011,12,9,20,50,213,10.7,13.2,2.09,6.25,5.69,,1025.0,7.9,9.1,1.4,,
2011,12,9,21,50,211,10.8,13.0,2.3,10.0,5.73,,1024.8,8.0,9.1,2.4,,
2011,12,9,22,50,203,11.4,13.1,2.22,5.88,5.29,,1023.9,8.3,9.1,3.3,,
2011,12,9,23,50,199,11.2,13.3,2.44,5.88,5.37,,1023.6,8.6,9.1,4.1,,
2011,12,10,0,50,199,12.0,14.5,2.18,6.67,5.08,,1023.3,8.8,9.1,4.6,,
2011,12,10,1,50,199,11.3,13.6,2.31,6.67,5.17,,1022.8,9.0,9.1,5.2,,
2011,12,10,2,50,199,11.2,13.7,2.31,6.67,5.19,,1022.5,9.1,9.1,5.5,,
2011,12,10,3,50,200,10.8,14.1,2.43,6.67,5.49,,1022.3,9.3,9.1,5.7,,
2011,12,10,4,50,196,11.4,14.3,2.29,7.14,5.54,,1021.5,9.3,9.1,5.9,,
2011,12,10,5,50,197,11.5,13.9,2.56,7.14,5.9,,1020.6,9.4,9.1,6.1,,
2011,12,10,6,50,199,10.4,13.4,2.74,7.69,6.05,,1020.4,9.5,9.2,6.2,,
2011,12,10,7,50,215,10.0,13.6,2.53,7.14,6.07,,1020.5,9.0,9.1,6.5,,
2011,12,10,8,50,274,5.6,7.1,2.58,7.14,6.09,,1020.0,7.7,9.2,5.0,,
2011,12,10,9,50,260,5.4,6.8,2.29,7.69,5.76,,1019.6,7.1,9.1,5.1,,
2011,12,10,10,50,237,5.0,6.1,2.3,7.14,5.81,,1019.4,7.9,9.1,5.5,,
2011,12,10,11,50,259,5.4,6.3,1.99,7.14,5.61,,1019.0,8.0,9.1,4.9,,
2011,12,10,12,50,256,5.0,5.9,2.01,7.14,5.56,,1019.1,7.7,9.1,4.9,,
2011,12,10,13,50,270,6.3,10.7,1.8,7.14,5.44,,1019.2,7.6,9.1,1.4,,
2011,12,10,14,50,325,4.6,5.7,1.67,6.67,5.49,,1018.8,7.1,9.1,2.3,,
2011,12,10,15,50,321,6.2,7.5,1.33,6.25,5.12,,1018.6,6.8,9.1,0.5,,
2011,12,10,16,50,335,6.4,7.8,1.23,6.67,5.19,,1018.0,6.3,9.1,-0.2,,
2011,12,10,17,50,341,7.1,8.5,1.13,6.67,4.67,,1018.0,5.7,9.1,-0.1,,
2011,12,10,18,50,331,7.2,9.2,1.05,6.25,4.29,,1018.4,5.7,9.2,0.9,,
2011,12,10,19,50,320,9.3,11.8,0.98,5.88,4.0,,1019.1,5.3,9.2,-0.5,,
2011,12,10,20,50,325,10.6,13.1,1.1,3.57,3.82,,1020.3,4.1,9.2,-1.6,,
2011,12,10,21,50,321,10.8,13.0,1.28,4.35,3.98,,1021.6,3.3,9.2,-2.3,,
2011,12,10,22,50,329,11.2,13.0,1.28,4.55,4.1,,1022.5,2.3,9.1,-3.8,,
2011,12,10,23,50,330,9.9,12.1,1.43,4.76,4.23,,1023.4,1.5,9.1,-5.3,,
2011,12,11,0,50,326,10.4,12.6,1.34,5.0,4.23,,1024.2,0.7,9.1,-6.0,,
2011,12,11,1,50,318,10.7,13.9,1.31,4.76,4.22,,1024.8,0.3,9.1,-6.6,,
2011,12,11,2,50,321,9.6,12.5,1.23,4.55,4.11,,1025.6,-0.4,9.1,-7.6,,
2011,12,11,3,50,320,9.4,11.3,1.09,4.76,3.97,,1026.2,-0.5,9.0,-8.8,,
2011,12,11,4,50,320,9.1,10.7,1.16,4.35,3.87,,1027.0,-0.9,9.0,-9.3,,
2011,12,11,5,50,326,7.8,9.3,1.1,4.0,3.79,,1027.7,-1.0,9.0,-7.7,,
2011,12,11,6,50,312,7.9,10.1,0.83,3.85,3.56,,1028.5,-1.1,8.9,-9.0,,
2011,12,11,7,50,308,8.6,10.6,0.86,3.7,3.43,,1029.1,-1.0,9.0,-8.3,,
2011,12,11,8,50,314,9.7,12.0,0.81,3.7,3.49,,1029.5,-0.8,9.0,-9.0,,
2011,12,11,9,50,310,9.2,12.6,0.88,4.17,3.51,,1030.2,-0.8,9.0,-8.4,,
2011,12,11,10,50,315,7.5,9.7,0.84,3.7,3.66,,1031.4,-1.0,9.0,-8.8,,
2011,12,11,11,50,315,8.8,10.6,0.82,3.85,3.51,,1032.1,-0.8,9.0,-7.5,,
2011,12,11,12,50,302,9.5,12.5,1.04,3.85,3.73,,1032.9,-1.0,9.0,-8.0,,
2011,12,11,13,50,293,8.6,11.8,1.08,4.17,3.88,,1033.8,-1.2,9.0,-7.9,,
2011,12,11,14,50,302,8.4,11.1,1.01,3.85,3.82,,1034.1,-1.3,8.9,-7.7,,
2011,12,11,15,50,300,8.4,10.8,0.94,4.17,3.88,,1034.2,-1.4,8.8,-8.5,,
2011,12,11,16,50,301,8.0,9.8,0.98,4.0,3.82,,1033.8,-1.1,8.8,-8.6,,
2011,12,11,17,50,289,7.0,9.3,0.88,3.57,3.72,,1033.8,-0.9,8.8,-9.2,,
2011,12,11,18,50,290,6.0,8.1,0.7,4.55,3.59,,1034.3,-0.3,8.9,-8.8,,
2011,12,11,19,50,285,4.8,6.6,0.63,4.55,3.64,,1034.7,0.0,9.0,-8.9,,
2011,12,11,20,50,288,5.4,7.1,0.5,8.33,3.58,,1035.0,0.3,9.0,-8.9,,
2011,12,11,21,50,287,4.7,5.9,0.46,4.55,3.48,,1035.2,0.8,9.0,-7.7,,
2011,12,11,22,50,235,3.1,4.9,0.47,4.17,3.77,,1035.2,0.9,9.0,-7.4,,
2011,12,11,23,50,240,4.3,5.6,0.44,4.17,3.86,,1035.4,1.7,9.0,-5.9,,
2011,12,12,0,50,217,5.1,6.9,0.47,4.17,3.61,,1035.0,2.1,9.0,-5.7,,
2011,12,12,1,50,209,7.8,9.7,0.54,3.7,3.22,,1034.1,2.8,9.0,-4.6,,
2011,12,12,2,50,202,8.4,11.3,0.7,3.45,3.31,,1033.5,3.3,9.0,-3.3,,
2011,12,12,3,50,221,10.5,12.5,0.87,3.85,3.45,,1033.0,4.0,9.0,-2.4,,
2011,12,12,4,50,228,10.9,13.4,1.14,4.35,3.82,,1032.8,4.4,8.9,-1.7,,
2011,12,12,5,50,226,11.2,13.4,1.47,4.76,4.37,,1032.1,5.0,8.9,-0.6,,
2011,12,12,6,50,228,11.3,13.7,1.75,5.56,4.72,,1031.9,5.5,9.0,0.2,,
2011,12,12,7,50,227,12.8,15.7,2.12,6.25,5.24,,1031.2,5.9,9.0,0.6,,
2011,12,12,8,50,236,12.3,15.5,2.43,6.67,5.46,,1031.1,6.2,9.0,0.9,,
2011,12,12,9,50,238,11.7,13.9,2.33,7.14,5.55,,1031.2,6.4,9.0,1.0,,
2011,12,12,10,50,238,11.6,13.9,2.4,7.14,5.53,,1031.2,6.7,9.0,1.0,,
2011,12,12,11,50,230,11.7,13.8,2.44,7.14,5.53,,1031.2,7.0,8.9,1.3,,
2011,12,12,12,50,233,11.6,13.7,2.41,7.14,5.34,,1031.1,7.4,8.9,2.1,,
2011,12,12,13,50,231,11.2,14.6,2.49,7.14,5.33,,1031.0,7.8,9.0,2.7,,
2011,12,12,14,50,230,12.4,14.7,2.48,7.69,5.36,,1030.7,7.8,9.0,2.7,,
2011,12,12,15,50,231,11.6,14.0,2.47,7.14,5.45,,1030.3,7.9,9.0,2.8,,
2011,12,12,16,50,225,11.0,13.2,2.32,7.14,5.25,,1029.7,8.0,9.0,2.6,,
2011,12,12,17,50,231,11.0,12.8,2.39,6.67,5.56,,1029.5,8.1,9.1,2.0,,
2011,12,12,18,50,227,10.6,12.4,2.09,7.14,5.35,,1029.5,8.2,9.1,2.6,,
2011,12,12,19,50,224,9.3,11.3,2.18,7.14,5.6,,1029.5,8.1,9.1,3.3,,
2011,12,12,20,50,222,10.6,12.7,2.14,7.14,5.62,,1029.7,7.8,9.1,3.3,,
2011,12,12,21,50,225,9.5,11.7,2.04,7.69,5.54,,1030.1,8.0,9.0,2.4,,
2011,12,12,22,50,225,10.5,12.1,1.97,7.14,5.35,,1030.1,8.1,9.0,2.1,,
2011,12,12,23,50,224,8.9,10.5,1.84,7.14,5.17,,1030.1,8.0,9.0,2.9,,
2011,12,13,0,50,224,7.9,9.7,1.85,6.67,5.01,,1029.5,8.1,9.0,3.1,,
2011,12,13,1,50,229,8.4,9.6,1.9,6.67,5.07,,1028.8,7.9,9.0,3.2,,
2011,12,13,2,50,222,7.7,9.3,1.66,6.67,4.87,,1028.4,8.0,9.0,3.8,,
2011,12,13,3,50,211,7.2,8.7,1.66,6.67,5.0,,1028.1,7.9,9.0,3.7,,
2011,12,13,4,50,216,7.5,9.5,1.36,6.67,4.87,,1027.7,8.0,9.0,3.4,,
2011,12,13,5,50,218,7.5,8.6,1.31,6.67,4.95,,1027.1,8.0,9.0,3.8,,
2011,12,13,6,50,227,7.0,8.5,1.34,6.67,4.87,,1026.8,8.0,9.0,2.5,,
2011,12,13,7,50,237,6.0,7.2,1.23,6.67,4.97,,1026.6,7.9,9.0,3.1,,
2011,12,13,8,50,245,5.4,6.6,1.37,6.67,5.26,,1026.1,7.7,9.0,2.8,,
2011,12,13,9,50,240,4.8,5.9,1.17,6.67,5.07,,1026.0,7.7,9.0,3.1,,
2011,12,13,10,50,251,4.4,5.2,1.14,6.67,5.13,,1025.7,7.7,9.0,2.2,,
2011,12,13,11,50,332,5.6,6.6,1.11,6.67,5.04,,1025.8,6.1,8.9,1.7,,
2011,12,13,12,50,349,5.5,6.4,1.09,6.25,5.09,,1025.7,5.3,8.9,2.2,,
2011,12,13,13,50,343,5.8,7.0,1.1,6.25,4.81,,1025.5,5.4,8.9,1.8,,
2011,12,13,14,50,345,7.3,8.6,1.07,6.25,4.48,,1025.6,4.7,8.9,0.5,,
2011,12,13,15,50,358,7.4,8.8,1.08,5.88,4.44,,1025.5,4.0,8.9,-0.6,,
2011,12,13,16,50,7,6.6,7.9,1.08,5.88,4.56,,1024.9,4.3,8.9,-0.9,,
2011,12,13,17,50,3,5.5,7.0,1.03,5.88,4.57,,1024.4,4.5,8.9,-0.9,,
2011,12,13,18,50,1,6.6,8.3,0.94,6.25,4.46,,1024.0,5.2,8.9,-1.0,,
2011,12,13,19,50,352,7.4,9.1,0.84,10.0,3.95,,1024.0,5.6,8.9,-0.6,,
2011,12,13,20,50,356,8.0,10.4,0.84,5.88,3.84,,1024.2,5.9,8.9,-0.5,,
2011,12,13,21,50,352,8.6,10.8,0.86,11.43,3.57,,1024.4,6.0,8.9,-0.3,,
2011,12,13,22,50,352,9.2,11.1,0.85,10.81,3.75,,1024.7,5.4,8.9,-0.4,,
2011,12,13,23,50,6,9.9,11.9,0.98,10.81,3.88,,1024.7,4.7,8.9,0.0,,
2011,12,14,0,50,1,10.8,12.8,1.17,4.17,3.95,,1024.8,3.9,8.9,-0.1,,
2011,12,14,1,50,8,10.8,13.0,1.25,5.0,4.19,,1025.0,3.4,8.9,0.1,,
2011,12,14,2,50,14,10.2,12.1,1.2,5.26,4.3,,1025.1,3.2,8.8,0.0,,
2011,12,14,3,50,22,10.0,12.0,1.33,5.0,4.57,,1024.9,3.8,8.9,-0.1,,
2011,12,14,4,50,18,10.2,12.0,1.55,5.26,4.82,,1024.9,3.8,8.9,-0.7,,
2011,12,14,5,50,18,9.5,12.3,1.53,5.88,4.74,,1024.6,3.8,8.9,-0.7,,
2011,12,14,6,50,27,9.2,11.8,1.6,5.56,4.53,,1024.9,4.0,8.9,-0.2,,
2011,12,14,7,50,21,10.4,12.2,1.56,5.0,4.4,,1025.0,3.9,8.9,0.0,,
2011,12,14,8,50,19,10.1,12.6,1.57,4.55,4.44,,1025.0,3.7,8.9,-0.5,,
2011,12,14,9,50,14,9.8,12.1,1.61,5.0,4.43,,1025.8,3.4,8.9,-0.5,,
2011,12,14,10,50,15,9.7,11.8,1.42,4.35,4.13,,1026.5,3.4,8.9,-0.3,,
2011,12,14,11,50,22,10.1,12.3,1.4,4.55,4.18,,1026.9,3.4,8.9,-0.8,,
2011,12,14,12,50,35,9.7,11.6,1.33,4.76,4.3,,1027.7,3.5,8.9,-0.9,,
2011,12,14,13,50,34,9.6,11.7,1.42,4.55,4.32,,1028.1,3.4,8.9,-1.2,,
2011,12,14,14,50,33,9.5,11.1,1.51,5.56,4.76,,1028.5,3.2,8.9,-1.8,,
2011,12,14,15,50,33,8.4,10.3,1.39,6.25,4.94,,1027.9,3.1,8.9,-2.4,,
2011,12,14,16,50,37,8.4,11.0,1.39,5.56,4.76,,1027.5,3.2,8.9,-2.6,,
2011,12,14,17,50,43,7.7,9.5,1.36,5.56,4.79,,1027.4,2.9,8.9,-3.2,,
2011,12,14,18,50,17,7.4,9.3,1.38,6.67,4.73,,1027.3,2.9,8.8,-3.1,,
2011,12,14,19,50,16,7.0,9.3,1.29,6.67,4.61,,1027.7,2.7,8.8,-4.2,,
2011,12,14,20,50,6,6.5,8.1,1.2,5.88,4.52,,1028.3,2.5,8.8,-4.2,,
2011,12,14,21,50,358,4.8,6.4,1.03,6.25,4.28,,1028.9,2.4,8.9,-4.9,,
2011,12,14,22,50,5,5.3,7.2,0.92,5.88,4.32,,1029.3,2.3,8.8,-5.5,,
2011,12,14,23,50,45,4.4,6.3,0.74,9.09,4.48,,1029.3,2.2,8.8,-5.5,,
2011,12,15,0,50,25,2.3,3.1,0.65,10.81,5.09,,1029.8,2.1,8.8,-5.7,,
2011,12,15,1,50,46,1.8,3.0,0.64,10.81,5.55,,1029.5,2.2,8.8,-5.4,,
2011,12,15,2,50,93,4.3,6.1,0.59,10.0,5.82,,1028.4,2.2,8.7,-5.1,,
2011,12,15,3,50,114,3.0,4.4,0.56,9.09,5.78,,1027.8,2.1,8.8,-5.7,,
2011,12,15,4,50,148,1.1,2.4,0.57,10.0,5.85,,1027.7,2.2,8.7,-5.7,,
2011,12,15,5,50,287,0.3,1.3,0.61,9.09,6.36,,1027.4,2.4,8.8,-5.1,,
2011,12,15,6,50,215,1.8,2.8,0.68,9.09,6.78,,1026.8,2.8,8.8,-4.4,,
2011,12,15,7,50,157,1.8,3.3,0.64,9.09,6.65,,1026.3,3.1,8.8,-3.8,,
2011,12,15,8,50,176,3.8,6.2,0.59,10.81,6.86,,1025.7,3.6,8.8,-2.9,,
2011,12,15,9,50,178,5.3,6.6,0.5,10.81,6.07,,1024.8,4.2,8.8,-2.0,,
2011,12,15,10,50,181,6.2,8.2,0.62,12.12,5.24,,1024.0,4.7,8.7,-1.3,,
2011,12,15,11,50,190,8.1,9.9,0.74,10.0,4.46,,1023.9,5.2,8.7,-0.4,,
2011,12,15,12,50,187,10.7,12.9,1.01,11.43,4.19,,1022.8,5.5,8.7,0.2,,
2011,12,15,13,50,181,11.7,13.9,1.4,4.55,4.28,,1021.8,5.9,8.7,1.1,,
2011,12,15,14,50,187,12.6,14.7,1.73,5.0,4.45,,1020.1,6.6,8.7,1.8,,
2011,12,15,15,50,194,13.1,15.2,1.88,5.0,4.51,,1018.7,6.5,8.7,2.9,,
2011,12,15,16,50,190,14.5,16.7,2.13,5.56,4.83,,1016.6,7.1,8.8,3.3,,
2011,12,15,17,50,190,13.8,17.5,2.58,6.25,5.19,,1014.8,7.7,8.8,3.8,,
2011,12,15,18,50,189,14.9,18.8,2.79,6.67,5.46,,1013.3,8.0,8.8,4.4,,
2011,12,15,19,50,191,14.5,18.0,3.04,6.67,5.79,,1012.4,7.6,8.8,4.8,,
2011,12,15,20,50,188,15.7,20.4,3.18,7.14,5.89,,1011.3,8.1,8.8,5.0,,
2011,12,15,21,50,184,14.4,17.0,3.67,7.69,6.45,,1009.7,8.0,8.8,6.0,,
2011,12,15,22,50,185,14.4,17.3,3.55,7.69,6.47,,1008.1,8.4,8.8,6.9,,
2011,12,15,23,50,193,13.6,17.1,4.07,8.33,6.75,,1007.2,9.0,8.8,7.5,,
2011,12,16,0,50,196,14.3,18.5,4.21,8.33,6.93,,1005.7,9.5,8.8,8.2,,
2011,12,16,1,50,200,14.5,18.5,4.33,8.33,6.91,,1004.1,10.0,8.8,8.5,,
2011,12,16,2,50,204,13.4,15.6,4.55,9.09,7.06,,1002.8,9.9,8.9,8.7,,
2011,12,16,3,50,214,14.7,18.0,4.32,8.33,6.85,,1001.7,10.6,8.8,9.0,,
2011,12,16,4,50,222,13.0,15.4,4.37,8.33,6.82,,1000.7,10.4,8.8,8.6,,
2011,12,16,5,50,223,12.5,15.1,3.79,9.09,6.57,,999.8,10.1,8.8,8.5,,
2011,12,16,6,50,238,10.8,13.2,3.84,9.09,6.77,,1000.4,10.0,8.8,8.2,,
2011,12,16,7,50,241,9.0,11.6,3.29,8.33,6.44,,999.5,9.7,8.8,8.1,,
2011,12,16,8,50,241,8.8,11.0,2.94,8.33,6.38,,999.5,9.8,8.8,8.1,,
2011,12,16,9,50,233,8.6,10.3,2.61,9.09,6.34,,999.3,9.7,8.8,8.2,,
2011,12,16,10,50,219,9.7,11.9,2.97,9.09,6.55,,998.6,9.9,8.9,8.3,,
2011,12,16,11,50,240,10.2,12.7,2.79,8.33,6.41,,,10.3,8.8,7.9,,
2011,12,16,12,50,272,7.5,9.1,2.78,8.33,6.37,,999.8,9.2,8.9,6.4,,
2011,12,16,13,50,260,9.7,12.7,2.46,8.33,6.15,,1000.0,9.6,8.9,5.4,,
2011,12,16,14,50,271,13.5,15.9,2.47,8.33,5.9,,1000.9,9.6,8.9,3.6,,
2011,12,16,15,50,270,14.1,18.0,2.73,7.69,5.61,,1001.2,9.0,8.9,3.0,,
2011,12,16,16,50,274,12.9,15.3,2.68,7.14,5.67,,1001.7,8.8,8.9,2.7,,
2011,12,16,17,50,275,11.8,14.7,2.43,7.69,5.46,,1003.0,8.6,8.8,3.0,,
2011,12,16,18,50,291,12.8,16.1,2.54,7.14,5.51,,1004.1,8.5,8.9,1.1,,
2011,12,16,19,50,298,13.9,16.4,2.61,5.56,5.52,,1005.6,8.1,8.9,0.5,,
2011,12,16,20,50,303,12.6,15.3,2.47,7.14,5.49,,1008.1,7.3,8.9,0.3,,
2011,12,16,21,50,308,13.6,16.6,2.5,8.33,5.55,,1010.5,6.2,8.8,-0.9,,
2011,12,16,22,50,305,13.8,16.3,2.63,8.33,5.77,,1011.3,5.8,8.8,-1.2,,
2011,12,16,23,50,306,10.9,13.9,2.32,8.33,5.5,,1012.1,5.4,8.8,-1.1,,
2011,12,17,0,50,313,10.5,13.0,2.03,8.33,5.63,,1012.8,5.0,8.8,-1.0,,
2011,12,17,1,50,303,11.0,13.1,1.88,7.69,5.34,,1013.5,4.3,8.8,-1.7,,
2011,12,17,2,50,312,10.4,12.3,2.02,7.69,5.7,,1013.6,3.9,8.8,-1.6,,
2011,12,17,3,50,311,11.7,14.0,2.06,7.69,5.39,,1014.2,3.1,8.7,-3.2,,
2011,12,17,4,50,313,10.2,12.3,1.98,7.69,5.34,,1014.3,2.7,8.7,-3.1,,
2011,12,17,5,50,318,9.7,11.0,1.88,7.69,5.46,,1014.7,2.0,8.7,-3.8,,
2011,12,17,6,50,319,10.8,13.2,1.73,7.69,5.25,,1014.4,1.7,8.7,-4.5,,
2011,12,17,7,50,331,8.8,10.7,1.62,6.67,5.02,,1014.4,1.5,8.7,-4.4,,
2011,12,17,8,50,342,6.4,8.4,1.43,4.35,4.77,,1015.1,1.0,8.7,-5.1,,
2011,12,17,9,50,338,5.4,7.2,1.24,6.67,4.7,,1015.8,0.8,8.7,-5.0,,
2011,12,17,10,50,346,5.3,7.6,1.07,10.0,4.73,,1016.3,0.4,8.7,-5.6,,
2011,12,17,11,50,344,5.9,7.8,0.96,10.0,4.75,,1016.7,0.2,8.6,-5.6,,
2011,12,17,12,50,356,5.7,7.6,0.85,10.0,4.64,,1017.1,-0.1,8.6,-5.8,,
2011,12,17,13,50,342,4.7,7.4,0.88,10.0,4.51,,1018.2,-0.1,8.6,-6.1,,
2011,12,17,14,50,342,4.4,6.1,0.85,9.09,4.91,,1018.3,-0.1,8.7,-6.6,,
2011,12,17,15,50,8,4.0,5.3,0.8,9.09,5.13,,1017.9,-0.3,8.6,-6.1,,
2011,12,17,16,50,358,5.6,7.7,0.81,9.09,5.64,,1017.1,-0.3,8.6,-5.7,,
2011,12,17,17,50,359,6.0,7.6,0.84,9.09,5.4,,1016.6,-0.8,8.6,-5.3,,
2011,12,17,18,50,1,5.9,7.3,0.77,8.33,5.07,,1016.8,-0.9,8.6,-5.7,,
2011,12,17,19,50,8,7.1,8.4,0.83,9.09,4.77,,1017.1,-1.7,8.6,-4.7,,
2011,12,17,20,50,19,7.1,8.7,0.91,9.09,4.23,,1017.7,-1.8,8.6,-5.5,,
2011,12,17,21,50,4,7.5,9.8,0.89,9.09,3.99,,1018.7,-1.8,8.6,-7.2,,
2011,12,17,22,50,9,7.9,10.0,0.92,3.57,3.88,,1019.5,-2.4,8.6,-8.6,,
2011,12,17,23,50,5,8.3,10.3,0.94,3.7,3.73,,1020.0,-2.6,8.5,-9.0,,
2011,12,18,0,50,358,9.5,11.6,1.0,3.85,3.68,,1020.1,-2.9,8.5,-9.0,,
2011,12,18,1,50,1,10.8,13.0,1.04,4.0,3.69,,1020.2,-3.6,8.5,-9.5,,
2011,12,18,2,50,17,9.8,12.1,1.18,4.35,3.94,,1020.4,-3.7,8.5,-9.8,,
2011,12,18,3,50,2,10.4,13.3,1.18,4.55,4.04,,1020.3,-3.9,8.5,-9.4,,
2011,12,18,4,50,8,10.8,13.4,1.26,4.55,4.15,,1019.9,-4.3,8.5,-9.4,,
2011,12,18,5,50,6,10.3,13.4,1.34,5.26,4.3,,1019.3,-4.9,8.5,-9.6,,
2011,12,18,6,50,7,10.4,13.5,1.46,5.26,4.54,,1019.6,-5.2,8.5,-9.4,,
2011,12,18,7,50,7,10.0,12.1,1.46,5.56,4.55,,1019.8,-5.7,8.5,-8.7,,
2011,12,18,8,50,1,10.5,12.8,1.42,5.56,4.45,,1019.6,-5.5,8.5,-7.8,,
2011,12,18,9,50,6,10.2,13.4,1.6,5.0,4.34,,1019.7,-5.7,8.4,-7.6,,
2011,12,18,10,50,3,10.5,12.9,1.46,5.0,4.26,,1020.1,-5.9,8.4,-7.6,,
2011,12,18,11,50,4,10.8,13.5,1.51,5.0,4.09,,1020.5,-6.5,8.4,-8.1,,
2011,12,18,12,50,358,10.8,13.4,1.36,4.76,4.04,,1021.3,-6.6,8.4,-8.0,,
2011,12,18,13,50,360,10.4,12.0,1.46,4.55,4.09,,1021.4,-6.6,8.4,-7.8,,
2011,12,18,14,50,5,9.4,12.0,1.38,4.76,4.21,,1021.7,-6.6,8.4,-8.0,,
2011,12,18,15,50,2,8.2,10.0,1.28,6.25,4.23,,1021.3,-6.6,8.4,-8.4,,
2011,12,18,16,50,4,8.4,10.8,1.24,4.35,4.36,,1020.3,-5.8,8.4,-8.1,,
2011,12,18,17,50,5,8.5,10.8,1.17,6.25,4.3,,1020.1,-5.0,8.4,-7.9,,
2011,12,18,18,50,8,7.6,10.4,1.1,5.0,4.41,,1020.2,-4.4,8.4,-8.5,,
2011,12,18,19,50,9,7.8,10.0,1.06,5.0,4.35,,1020.2,-4.0,8.4,-8.9,,
2011,12,18,20,50,2,7.5,10.4,1.02,5.0,4.21,,1020.7,-3.8,8.4,-9.1,,
2011,12,18,21,50,1,7.6,10.1,1.07,4.17,4.1,,1021.4,-4.1,8.4,-9.3,,
2011,12,18,22,50,6,7.5,9.9,1.05,3.85,3.95,,1022.0,-4.4,8.4,-9.3,,
2011,12,18,23,50,357,8.8,10.8,1.2,4.0,3.97,,1022.5,-4.6,8.4,-9.0,,
2011,12,19,0,50,2,8.4,10.2,1.23,5.88,4.03,,1022.7,-5.0,8.4,-9.1,,
2011,12,19,1,50,13,7.9,9.9,1.2,5.26,4.0,,1023.0,-4.9,8.4,-8.8,,
2011,12,19,2,50,5,7.4,9.5,1.01,3.85,3.77,,1023.3,-5.5,8.4,-9.0,,
2011,12,19,3,50,355,6.3,8.4,0.92,3.85,3.76,,1023.4,-5.4,8.4,-8.5,,
2011,12,19,4,50,1,4.5,6.5,0.8,3.85,3.87,,1022.7,-5.7,8.3,-8.6,,
2011,12,19,5,50,360,4.4,6.1,0.72,4.0,3.97,,1022.2,-5.2,8.4,-8.5,,
2011,12,19,6,50,360,3.3,5.2,0.61,3.85,4.21,,1022.4,-4.6,8.3,-9.0,,
2011,12,19,7,50,347,4.1,5.5,0.59,6.67,4.36,,1022.1,-4.6,8.3,-7.8,,
2011,12,19,8,50,325,3.0,4.5,0.54,6.25,4.34,,1022.0,-4.8,8.4,-8.6,,
2011,12,19,9,50,326,3.0,4.6,0.56,6.67,4.35,,1021.7,-4.6,8.3,-8.0,,
2011,12,19,10,50,315,2.7,4.8,0.58,5.88,4.51,,1022.1,-4.9,8.3,-8.7,,
2011,12,19,11,50,291,2.5,3.9,0.53,5.88,4.58,,1022.2,-4.6,8.3,-8.8,,
2011,12,19,12,50,272,2.5,4.7,0.51,5.56,4.49,,1021.7,-4.2,8.3,-8.9,,
2011,12,19,13,50,239,3.0,4.4,0.47,11.43,4.64,,1021.1,-3.3,8.4,-9.1,,
2011,12,19,14,50,224,4.6,7.1,0.47,11.43,5.5,,1020.8,-2.3,8.4,-8.3,,
2011,12,19,15,50,198,5.8,7.6,0.48,11.43,5.03,,1019.1,-1.1,8.3,-7.4,,
2011,12,19,16,50,208,8.4,10.3,0.55,10.81,3.65,,1017.7,0.1,8.3,-6.1,,
2011,12,19,17,50,210,9.8,12.5,0.82,3.57,3.63,,1015.5,1.4,8.3,-3.9,,
2011,12,19,18,50,204,11.9,14.8,1.2,4.0,3.84,,1013.3,2.7,8.4,-2.1,,
2011,12,19,19,50,206,13.1,16.3,1.78,4.76,4.29,,1010.9,3.9,8.4,-1.5,,
2011,12,19,20,50,214,14.5,17.0,2.15,5.56,4.74,,1009.9,4.5,8.4,-0.8,,
2011,12,19,21,50,219,13.9,17.8,2.7,6.25,5.31,,1009.5,5.4,8.4,1.0,,
2011,12,19,22,50,225,13.5,16.2,2.82,7.14,5.6,,1008.7,6.4,8.4,2.2,,
2011,12,19,23,50,238,13.4,16.4,3.18,8.33,6.02,,1007.8,7.2,8.4,2.6,,
2011,12,20,0,50,242,12.5,15.2,3.77,8.33,6.57,,1007.2,7.3,8.4,2.6,,
2011,12,20,1,50,248,11.9,15.0,4.02,9.09,7.04,,1006.4,7.4,8.4,2.3,,
2011,12,20,2,50,254,12.8,15.6,3.52,9.09,6.92,,1005.4,7.4,8.4,1.9,,
2011,12,20,3,50,255,12.1,15.4,3.48,9.09,6.71,,1004.8,7.4,8.5,2.3,,
2011,12,20,4,50,257,11.8,14.1,3.27,9.09,6.81,,1004.5,7.3,8.5,2.2,,
2011,12,20,5,50,264,11.6,13.9,3.7,10.0,6.94,,1004.6,7.2,8.5,2.0,,
2011,12,20,6,50,267,11.3,13.3,3.84,9.09,7.11,,1004.8,7.0,8.5,1.5,,
2011,12,20,7,50,289,12.5,14.7,3.56,9.09,6.66,,1005.3,6.3,8.5,1.0,,
2011,12,20,8,50,305,12.5,15.0,2.99,9.09,6.14,,1005.6,5.0,8.5,-0.2,,
2011,12,20,9,50,309,14.3,17.8,3.16,9.09,6.26,,1006.6,3.5,8.4,-2.5,,
2011,12,20,10,50,310,15.0,17.8,3.1,9.09,5.95,,1007.9,2.6,8.4,-3.8,,
2011,12,20,11,50,307,13.3,16.3,2.71,9.09,5.77,,1009.5,2.1,8.4,-4.6,,
2011,12,20,12,50,309,14.2,17.4,2.51,9.09,5.67,,1011.1,1.5,8.4,-5.0,,
2011,12,20,13,50,307,13.1,15.4,2.24,9.09,5.28,,1012.9,0.6,8.4,-6.4,,
2011,12,20,14,50,307,11.9,15.2,2.32,9.09,5.66,,1014.3,-0.5,8.4,-6.7,,
2011,12,20,15,50,307,11.3,14.6,2.42,9.09,5.68,,1015.2,-1.8,8.3,-8.4,,
2011,12,20,16,50,309,11.6,14.7,2.19,8.33,5.27,,1016.3,-3.1,8.3,-10.5,,
2011,12,20,17,50,308,10.0,12.7,2.19,8.33,5.19,,1017.0,-2.8,8.3,-10.1,,
2011,12,20,18,50,316,11.0,14.3,2.0,7.69,5.14,,1017.7,-2.8,8.3,-10.7,,
2011,12,20,19,50,305,8.2,10.8,1.98,7.14,5.23,,1018.7,-2.4,8.2,-11.5,,
2011,12,20,20,50,311,7.6,10.2,1.63,7.14,5.21,,1018.9,-2.3,8.2,-11.4,,
2011,12,20,21,50,309,8.1,10.9,1.51,7.69,5.0,,1020.3,-2.3,8.3,-11.4,,
2011,12,20,22,50,317,7.8,10.3,1.49,7.14,5.12,,1020.8,-2.5,8.3,-11.8,,
2011,12,20,23,50,307,8.6,11.3,1.37,6.67,4.76,,1021.5,-2.6,8.3,-12.4,,
2011,12,21,0,50,312,7.0,9.6,1.23,6.67,4.52,,1022.2,-2.6,8.2,-12.6,,
2011,12,21,1,50,317,6.7,8.5,1.12,10.0,4.31,,1022.4,-2.8,8.2,-13.2,,
2011,12,21,2,50,309,5.9,8.4,0.92,10.81,4.14,,1023.2,-2.7,8.2,-12.5,,
2011,12,21,3,50,308,5.9,7.9,0.83,10.0,4.45,,1023.6,-2.5,8.1,-11.3,,
2011,12,21,4,50,286,3.8,5.3,0.72,10.81,4.26,,1023.6,-2.5,8.1,-11.2,,
2011,12,21,5,50,226,4.2,5.8,0.68,10.0,4.71,,1023.1,-1.6,8.1,-10.3,,
2011,12,21,6,50,221,5.2,6.3,0.61,10.0,4.55,,1022.9,-0.2,8.0,-9.0,,
2011,12,21,7,50,218,5.5,7.0,0.68,9.09,4.45,,1022.6,0.8,8.0,-7.0,,
2011,12,21,8,50,214,7.6,9.4,0.71,9.09,3.99,,1021.7,1.8,8.0,-6.6,,
2011,12,21,9,50,207,8.4,10.8,0.9,9.09,3.99,,1020.9,2.4,8.0,-4.9,,
2011,12,21,10,50,216,10.0,12.0,1.01,9.09,3.86,,1020.6,3.3,8.1,-3.6,,
2011,12,21,11,50,209,10.1,12.0,1.2,9.09,4.28,,1020.4,3.7,8.2,-2.7,,
2011,12,21,12,50,208,10.7,12.9,1.58,4.76,4.52,,1020.2,4.3,8.3,-1.3,,
2011,12,21,13,50,198,10.8,12.6,1.63,5.26,4.71,,1019.7,4.9,8.3,-0.2,,
2011,12,21,14,50,202,10.7,12.7,1.71,5.88,4.91,,1019.2,5.5,8.3,0.7,,
2011,12,21,15,50,193,10.8,13.5,1.62,5.88,4.96,,1018.2,6.0,8.2,1.9,,
2011,12,21,16,50,191,11.2,13.4,2.21,5.88,5.38,,1017.0,6.2,8.2,3.4,,
2011,12,21,17,50,196,11.4,13.6,2.38,6.67,5.58,,1015.8,6.8,8.2,5.0,,
2011,12,21,18,50,192,10.7,13.1,2.6,7.14,5.73,,1014.7,7.7,8.1,5.3,,
2011,12,21,19,50,189,11.8,13.7,2.96,7.14,5.75,,1013.8,7.9,8.1,5.7,,
2011,12,21,20,50,180,11.1,13.9,2.91,7.14,5.66,,1012.7,8.1,8.1,6.3,,
2011,12,21,21,50,178,11.4,14.5,2.77,7.69,5.52,,1011.3,8.2,8.2,6.8,,
2011,12,21,22,50,168,12.0,14.9,2.79,7.14,5.58,,1009.4,8.5,8.2,7.2,,
2011,12,21,23,50,164,11.7,14.3,2.67,7.14,5.62,,1007.0,8.8,8.2,7.8,,
2011,12,22,0,50,184,12.3,15.1,2.93,7.14,5.76,,1004.7,9.5,8.2,8.5,,
2011,12,22,1,50,194,12.1,14.5,2.84,7.14,5.77,,1003.3,10.0,8.3,9.2,,
2011,12,22,2,50,210,11.5,13.2,3.17,7.69,6.08,,1002.6,10.2,8.3,9.4,,
2011,12,22,3,50,224,10.5,13.0,2.76,7.69,5.93,,1002.4,10.1,8.3,9.3,,
2011,12,22,4,50,227,9.6,11.7,2.53,7.69,5.97,,1001.7,9.9,8.3,9.2,,
2011,12,22,5,50,227,7.9,9.5,2.43,8.33,5.9,,1001.1,9.6,8.2,9.0,,
2011,12,22,6,50,233,7.1,8.5,2.5,7.69,6.24,,1000.9,9.4,8.2,8.8,,
2011,12,22,7,50,244,2.8,3.7,2.47,7.69,6.08,,1000.8,8.8,8.2,8.3,,
2011,12,22,8,50,287,7.3,10.0,2.43,7.69,6.14,,999.8,8.8,8.3,8.4,,
2011,12,22,9,50,275,6.5,7.7,2.35,7.69,6.07,,999.7,8.4,8.3,7.9,,
2011,12,22,10,50,287,9.2,10.7,2.16,7.69,5.8,,1001.4,7.8,8.2,6.7,,
2011,12,22,11,50,303,9.7,12.1,2.01,8.33,5.63,,1003.5,6.9,8.2,5.3,,
2011,12,22,12,50,304,8.4,10.1,1.8,7.14,5.47,,1005.9,6.2,8.2,4.5,,
2011,12,22,13,50,317,8.4,9.9,1.94,7.69,5.63,,1007.3,6.1,8.2,3.6,,
2011,12,22,14,50,297,7.8,9.3,1.77,7.69,5.45,,1009.7,5.7,8.2,3.3,,
2011,12,22,15,50,305,8.3,10.0,1.63,8.33,5.29,,1009.7,5.8,8.3,3.3,,
2011,12,22,16,50,295,8.5,9.9,1.56,7.69,5.32,,1010.3,6.0,8.3,3.5,,
2011,12,22,17,50,301,7.9,9.2,1.43,7.69,5.36,,1010.9,6.4,8.4,3.1,,
2011,12,22,18,50,295,6.8,8.2,1.53,7.69,5.45,,1012.1,6.7,8.4,3.1,,
2011,12,22,19,50,326,7.2,8.8,1.54,7.14,5.39,,1013.8,6.8,8.4,2.8,,
2011,12,22,20,50,321,6.3,7.9,1.64,7.69,5.69,,1015.0,6.6,8.4,2.5,,
2011,12,22,21,50,323,4.8,6.1,1.51,7.14,5.67,,1016.3,6.4,8.3,2.6,,
2011,12,22,22,50,328,3.8,4.9,1.55,7.69,6.0,,1016.5,6.2,8.3,1.9,,
2011,12,22,23,50,330,3.9,5.1,1.47,7.69,6.44,,1016.9,6.2,8.3,1.5,,
2011,12,23,0,50,312,3.4,4.4,1.65,8.33,6.82,,1018.1,6.0,8.2,1.2,,
2011,12,23,1,50,305,3.7,4.9,1.61,10.81,7.07,,1018.0,5.7,8.2,0.4,,
2011,12,23,2,50,338,3.4,4.6,1.75,10.0,7.42,,1017.9,5.3,8.2,0.7,,
2011,12,23,3,50,8,3.2,4.4,1.71,10.0,7.22,,1018.2,5.1,8.2,1.2,,
2011,12,23,4,50,20,3.7,5.1,1.8,10.81,7.93,,1017.1,4.9,8.2,0.6,,
2011,12,23,5,50,44,2.4,3.7,1.59,10.81,7.78,,1018.2,4.8,8.3,0.0,,
2011,12,23,6,50,58,1.6,2.4,1.43,10.0,7.58,,1018.6,4.8,8.3,-0.1,,
2011,12,23,7,50,44,3.0,3.9,1.61,9.09,7.76,,1017.2,4.7,8.2,0.1,,
2011,12,23,8,50,61,3.3,5.0,1.57,9.09,7.63,,1015.9,3.7,8.2,0.7,,
2011,12,23,9,50,39,4.1,5.2,1.58,9.09,7.77,,1015.8,2.8,8.1,0.9,,
2011,12,23,10,50,47,5.2,6.4,1.49,9.09,7.39,,1015.2,2.0,8.1,0.6,,
2011,12,23,11,50,56,6.6,8.3,1.48,9.09,6.88,,1014.7,2.1,8.1,0.9,,
2011,12,23,12,50,85,6.9,8.4,1.32,9.09,5.88,,1014.3,2.4,8.1,1.1,,
2011,12,23,13,50,99,7.9,9.5,1.45,9.09,5.88,,1012.7,2.5,8.1,1.2,,
2011,12,23,14,50,95,9.1,11.2,1.36,10.0,5.1,,1011.3,3.4,8.1,1.9,,
2011,12,23,15,50,92,6.3,8.3,1.4,10.0,4.85,,1011.7,3.7,8.1,2.0,,
2011,12,23,16,50,92,5.6,6.8,1.31,10.0,5.12,,1010.3,3.9,8.2,1.8,,
2011,12,23,17,50,82,4.8,6.1,1.22,10.0,5.35,,1010.0,4.2,8.2,1.8,,
2011,12,23,18,50,84,3.2,4.9,1.26,10.0,5.23,,1010.3,4.2,8.2,1.8,,
2011,12,23,19,50,13,4.1,5.2,1.32,10.0,5.79,,1011.0,3.8,8.2,1.9,,
2011,12,23,20,50,18,3.6,4.6,1.22,9.09,5.74,,1011.8,4.0,8.3,1.9,,
2011,12,23,21,50,344,4.4,5.6,1.1,8.33,5.5,,1011.9,4.1,8.2,2.0,,
2011,12,23,22,50,341,3.7,4.7,1.06,9.09,5.37,,1012.6,3.9,8.2,2.1,,
2011,12,23,23,50,321,6.6,8.1,1.07,8.33,5.59,,1013.4,3.3,8.2,1.7,,
2011,12,24,0,50,323,7.9,9.1,1.05,9.09,5.04,,1013.7,3.0,8.2,1.0,,
2011,12,24,1,50,305,7.2,8.4,1.01,7.69,4.79,,1014.2,3.3,8.2,0.9,,
2011,12,24,2,50,303,11.5,13.5,1.05,9.09,4.42,,1014.5,3.3,8.2,0.5,,
2011,12,24,3,50,318,13.2,15.6,1.42,4.55,4.16,,1015.1,2.3,8.2,-0.6,,
2011,12,24,4,50,331,13.3,16.3,1.55,4.76,4.29,,1016.5,-0.2,8.2,-3.4,,
2011,12,24,5,50,334,13.6,15.7,1.74,5.26,4.35,,1017.4,-2.6,8.2,-5.0,,
2011,12,24,6,50,341,12.5,15.8,1.48,5.56,4.19,,1018.8,-3.7,8.1,-5.6,,
2011,12,24,7,50,335,12.2,15.4,1.58,4.76,4.27,,1019.7,-4.5,8.1,-6.1,,
2011,12,24,8,50,340,11.9,15.2,1.69,5.0,4.41,,1020.4,-5.0,8.0,-6.4,,
2011,12,24,9,50,345,11.7,13.5,1.6,5.0,4.47,,1021.7,-5.2,8.0,-6.5,,
2011,12,24,10,50,349,12.1,14.8,1.92,5.26,4.84,,1022.4,-5.5,8.0,-6.9,,
2011,12,24,11,50,360,11.8,14.7,1.89,5.26,4.93,,1023.2,-5.8,8.0,-7.1,,
2011,12,24,12,50,357,11.2,13.7,1.85,5.26,4.97,,1024.5,-6.6,8.0,-8.0,,
2011,12,24,13,50,358,11.4,14.1,1.82,5.56,4.95,,1025.5,-7.2,8.0,-8.6,,
2011,12,24,14,50,359,9.6,11.5,1.67,5.0,4.79,,1026.7,-7.9,8.0,-9.4,,
2011,12,24,15,50,350,9.8,12.7,1.62,5.0,4.81,,1027.0,-8.1,8.0,-9.5,,
2011,12,24,16,50,353,10.2,12.9,1.53,4.76,4.45,,1026.9,-8.4,8.0,-9.8,,
2011,12,24,17,50,350,9.8,12.2,1.53,4.17,4.26,,1027.5,-8.3,7.8,-10.1,,
2011,12,24,18,50,358,10.0,12.4,1.39,4.0,4.26,,1027.7,-8.3,7.8,-11.2,,
2011,12,24,19,50,350,9.7,11.8,1.41,4.17,4.25,,1029.1,-8.0,7.8,-10.8,,
2011,12,24,20,50,348,8.4,10.6,1.22,4.0,4.15,,1030.3,-8.6,7.8,-11.7,,
2011,12,24,21,50,350,9.3,12.6,1.19,10.0,4.22,,1031.0,-8.7,7.8,-11.4,,
2011,12,24,22,50,360,9.0,12.0,1.21,4.35,4.17,,1031.8,-9.6,7.8,-12.0,,
2011,12,24,23,50,9,8.6,11.8,1.28,4.35,4.28,,1031.7,-9.5,7.8,-11.4,,
2011,12,25,0,50,9,7.6,11.3,1.17,4.76,4.53,,1032.3,-8.6,7.7,-10.3,,
2011,12,25,1,50,5,6.9,9.7,1.06,4.76,4.48,,1032.5,-8.7,7.7,-10.6,,
2011,12,25,2,50,13,7.3,10.8,1.1,4.55,4.36,,1031.7,-8.5,7.7,-10.2,,
2011,12,25,3,50,9,6.6,9.1,0.98,5.0,4.37,,1031.8,-8.2,7.7,-10.2,,
2011,12,25,4,50,12,5.6,8.3,0.93,4.0,4.04,,1031.9,-8.0,7.7,-10.3,,
2011,12,25,5,50,17,5.5,8.3,0.99,5.56,3.85,,1031.3,-7.5,7.7,-9.9,,
2011,12,25,6,50,357,5.5,8.5,0.94,5.0,3.98,,1032.0,-7.4,7.7,-9.9,,
2011,12,25,7,50,346,4.2,6.8,0.84,10.0,3.96,,1032.3,-7.6,7.7,-10.3,,
2011,12,25,8,50,1,5.1,6.7,0.75,5.0,3.94,,1031.6,-7.5,7.8,-9.7,,
2011,12,25,9,50,10,3.2,5.8,0.68,5.0,4.1,,1031.5,-7.0,7.9,-9.2,,
2011,12,25,10,50,347,2.5,3.9,0.53,9.09,4.28,,1031.3,-6.7,8.0,-9.4,,
2011,12,25,11,50,14,3.5,5.4,0.47,9.09,4.41,,1030.2,-6.2,7.9,-9.1,,
2011,12,25,12,50,307,1.0,2.4,0.44,8.33,4.82,,1030.1,-5.6,7.8,-9.1,,
2011,12,25,13,50,172,1.5,2.2,0.43,8.33,5.19,,1029.9,-4.6,7.8,-8.7,,
2011,12,25,14,50,166,2.9,4.3,0.41,4.76,5.14,,1028.7,-3.7,7.8,-8.6,,
2011,12,25,15,50,194,2.1,3.8,0.39,8.33,5.52,,1027.3,-3.3,7.7,-8.3,,
2011,12,25,16,50,173,4.4,6.3,0.37,8.33,5.46,,1025.7,-2.6,7.8,-7.8,,
2011,12,25,17,50,181,5.2,7.2,0.34,8.33,4.02,,1024.6,-2.0,7.8,-7.1,,
2011,12,25,18,50,193,6.0,7.8,0.38,9.09,3.74,,1023.4,-0.9,7.8,-6.0,,
2011,12,25,19,50,191,6.6,8.4,0.48,9.09,3.51,,1022.5,0.2,7.9,-5.7,,
2011,12,25,20,50,192,8.5,10.5,0.63,3.57,3.51,,1021.5,0.6,7.9,-4.8,,
2011,12,25,21,50,170,9.7,11.5,0.92,4.0,3.78,,1020.6,0.7,8.0,-3.1,,
2011,12,25,22,50,171,10.2,13.2,1.07,4.17,3.95,,1019.3,1.6,7.9,-2.7,,
2011,12,25,23,50,176,11.5,14.5,1.33,4.76,4.06,,1018.1,2.1,7.9,-2.5,,
2011,12,26,0,50,177,11.9,13.9,1.57,4.55,4.18,,1016.8,1.7,7.9,-0.1,,
2011,12,26,1,50,177,13.7,16.0,1.84,5.0,4.32,,1015.0,2.5,8.0,0.5,,
2011,12,26,2,50,180,14.6,18.3,2.24,5.56,4.72,,1013.0,3.5,8.0,1.0,,
2011,12,26,3,50,172,14.7,17.6,2.5,6.67,5.07,,1011.4,4.1,7.9,1.4,,
2011,12,26,4,50,185,14.9,17.7,2.84,6.67,5.47,,1009.8,4.1,7.9,2.2,,
2011,12,26,5,50,277,7.2,8.9,2.85,7.14,5.73,,1010.3,2.9,7.9,1.3,,
2011,12,26,6,50,262,2.6,3.5,2.59,7.14,6.17,,1010.1,4.1,7.8,1.9,,
2011,12,26,7,50,312,4.4,7.2,,,,,1009.6,4.4,7.9,0.5,,
2011,12,26,8,50,322,5.2,7.0,2.13,7.69,6.12,,1009.2,3.6,7.9,0.2,,
2011,12,26,9,50,335,5.3,7.0,,,,,1009.3,2.6,7.9,0.3,,
2011,12,26,10,50,321,5.4,7.1,2.29,7.69,6.39,,1010.0,2.5,7.9,0.2,,
2011,12,26,11,50,326,5.8,7.0,2.07,8.33,6.31,,1010.6,2.0,7.9,0.2,,
2011,12,26,12,50,346,5.5,7.2,2.12,7.69,6.18,,1011.0,2.1,7.9,-0.4,,
2011,12,26,13,50,335,8.9,10.4,1.79,7.14,5.65,,1011.8,1.7,7.9,-1.6,,
2011,12,26,14,50,353,8.2,10.2,1.79,7.14,5.37,,1012.3,1.9,7.9,-2.0,,
2011,12,26,15,50,357,7.9,9.3,1.6,7.14,5.1,,1012.7,2.3,7.9,-1.5,,
2011,12,26,16,50,341,8.4,10.0,1.45,7.14,4.87,,1013.1,2.0,7.9,-1.8,,
2011,12,26,17,50,338,10.6,13.0,1.49,7.14,4.83,,1013.7,1.5,7.9,-1.7,,
2011,12,26,18,50,310,9.3,11.5,1.29,7.14,4.38,,1015.1,1.2,7.9,-2.2,,
2011,12,26,19,50,326,11.0,13.5,,,,,1016.3,0.5,7.9,-3.2,,
2011,12,26,20,50,328,10.2,12.6,1.33,4.35,4.16,,1017.4,0.3,7.9,-3.0,,
2011,12,26,21,50,339,11.1,13.2,1.25,4.55,4.12,,1018.4,0.3,7.9,-3.4,,
2011,12,26,22,50,329,8.7,11.2,1.06,4.17,3.89,,1019.9,0.1,7.9,-3.9,,
2011,12,26,23,50,327,8.9,11.5,1.02,4.17,3.82,,1020.2,0.4,7.8,-4.3,,
2011,12,27,0,50,315,7.9,9.9,1.02,4.0,3.77,,1020.8,-0.3,7.8,-5.3,,
2011,12,27,1,50,306,5.1,7.0,0.87,3.85,3.77,,1021.1,-0.7,7.8,-5.3,,
2011,12,27,2,50,300,5.1,6.5,0.68,4.0,3.63,,1020.8,-0.5,7.8,-5.5,,
2011,12,27,3,50,298,5.3,7.0,0.68,4.0,3.67,,1020.0,0.0,7.8,-6.3,,
2011,12,27,4,50,277,5.7,7.4,0.63,4.0,3.65,,1019.6,0.7,7.8,-5.5,,
2011,12,27,5,50,265,5.8,7.5,0.56,3.7,3.6,,1019.4,1.4,7.8,-4.3,,
2011,12,27,6,50,259,6.1,7.6,0.51,4.0,3.67,,1019.9,1.8,7.7,-3.9,,
2011,12,27,7,50,243,4.7,5.8,0.54,4.0,3.67,,1019.1,2.5,7.8,-4.2,,
2011,12,27,8,50,250,3.8,5.4,0.47,3.57,3.65,,1019.1,2.7,7.8,-4.2,,
2011,12,27,9,50,218,5.8,7.2,0.45,3.7,3.77,,1018.5,3.2,7.8,-2.4,,
2011,12,27,10,50,212,9.0,10.6,0.58,3.7,3.6,,1018.4,4.6,7.8,-0.3,,
2011,12,27,11,50,214,9.9,12.1,0.95,4.17,3.69,,1018.0,5.3,7.8,0.4,,
2011,12,27,12,50,213,10.3,12.8,1.34,4.76,4.0,,1017.7,5.6,7.8,0.4,,
2011,12,27,13,50,208,10.4,12.2,1.46,5.26,4.14,,1016.8,5.9,7.8,0.6,,
2011,12,27,14,50,210,11.3,14.0,1.59,5.88,4.23,,1015.9,6.3,7.8,0.9,,
2011,12,27,15,50,218,13.0,15.5,1.95,5.88,4.62,,1015.1,6.3,7.9,1.0,,
2011,12,27,16,50,219,13.3,16.5,2.55,6.67,5.23,,1014.2,6.3,7.9,1.9,,
2011,12,27,17,50,222,12.6,15.0,2.94,7.14,5.69,,1013.5,6.5,7.9,2.1,,
2011,12,27,18,50,222,12.4,15.2,2.79,7.14,5.74,,1013.3,6.9,7.9,2.3,,
2011,12,27,19,50,215,11.4,13.9,2.77,7.69,5.95,,1013.1,7.2,7.9,3.5,,
2011,12,27,20,50,212,11.1,13.9,2.66,8.33,6.14,,1013.1,7.5,7.9,4.0,,
2011,12,27,21,50,207,9.9,11.7,2.66,8.33,6.31,,1013.0,7.6,7.9,4.5,,
2011,12,27,22,50,189,10.2,12.5,2.75,8.33,6.45,,1012.0,7.7,8.0,5.1,,
2011,12,27,23,50,182,9.7,11.7,2.47,8.33,5.91,,1011.4,7.9,8.0,5.6,,
2011,12,28,0,50,174,10.0,11.9,2.36,7.69,5.82,,1010.4,8.0,8.0,5.9,,
2011,12,28,1,50,177,10.3,12.2,2.46,6.67,5.68,,1009.8,8.2,8.0,6.1,,
2011,12,28,2,50,182,9.7,11.8,2.28,7.69,5.39,,1009.4,8.2,8.0,6.4,,
2011,12,28,3,50,158,10.1,12.3,2.34,7.69,5.34,,1007.2,8.0,8.0,6.4,,
2011,12,28,4,50,144,13.5,15.7,2.34,7.14,5.23,,1003.8,8.2,7.9,6.1,,
2011,12,28,5,50,146,13.8,16.6,2.37,6.67,5.08,,1002.2,8.4,7.9,6.1,,
2011,12,28,6,50,141,15.2,17.9,2.52,6.67,5.18,,1000.2,8.9,8.0,6.4,,
2011,12,28,7,50,141,16.6,19.9,3.16,6.67,5.62,,997.8,9.0,8.0,7.0,,
2011,12,28,8,50,140,16.4,20.8,3.5,7.69,5.94,,995.4,9.0,8.0,7.4,,
2011,12,28,9,50,144,15.5,19.2,3.62,7.69,6.19,,994.0,9.2,7.9,7.6,,
2011,12,28,10,50,149,17.0,20.3,4.53,8.33,6.83,,991.9,10.0,8.0,9.0,,
2011,12,28,11,50,153,14.9,18.2,4.03,8.33,6.65,,990.7,9.8,8.1,8.8,,
2011,12,28,12,50,174,13.7,17.5,4.59,8.33,6.99,,990.1,10.1,8.2,8.9,,
2011,12,28,13,50,184,10.6,12.8,4.58,9.09,7.1,,989.7,9.9,8.2,8.9,,
2011,12,28,14,50,181,9.4,14.4,4.08,9.09,6.93,,988.5,9.5,8.2,8.8,,
2011,12,28,15,50,210,10.5,12.7,3.88,9.09,6.83,,987.7,9.0,8.2,8.0,,
2011,12,28,16,50,217,11.0,13.0,3.32,8.33,6.48,,986.5,8.6,8.1,7.2,,
2011,12,28,17,50,225,9.9,12.3,3.14,8.33,6.58,,986.2,8.4,8.2,6.7,,
2011,12,28,18,50,224,8.6,10.3,3.06,8.33,6.75,,986.4,8.6,8.2,4.9,,
2011,12,28,19,50,238,10.0,12.4,3.26,9.09,7.04,,986.6,8.3,8.2,4.5,,
2011,12,28,20,50,242,11.5,14.1,3.49,10.0,7.28,,986.1,7.7,8.2,3.2,,
2011,12,28,21,50,274,10.6,13.1,4.23,10.81,7.87,,986.4,7.4,8.2,3.4,,
2011,12,28,22,50,279,12.1,15.1,3.7,11.43,7.37,,987.3,6.4,8.2,0.7,,
2011,12,28,23,50,283,11.9,15.2,3.73,10.81,7.38,,988.4,5.9,8.1,0.0,,
2011,12,29,0,50,278,12.5,14.4,3.1,10.0,6.71,,988.3,5.0,8.1,-0.9,,
2011,12,29,1,50,291,13.4,17.0,3.21,10.81,6.37,,988.7,3.4,8.1,-1.4,,
2011,12,29,2,50,284,13.4,16.2,3.56,11.43,6.57,,989.8,1.3,8.0,-3.7,,
2011,12,29,3,50,280,12.5,15.3,3.83,10.81,7.0,,991.0,-0.5,8.0,-5.7,,
2011,12,29,4,50,275,13.8,17.1,3.43,11.43,6.64,,991.4,-2.2,8.0,-7.0,,
2011,12,29,5,50,279,14.5,18.7,3.72,9.09,6.47,,992.3,-3.3,7.9,-8.5,,
2011,12,29,6,50,275,13.9,16.4,3.91,9.09,6.85,,993.3,-2.8,7.9,-7.6,,
2011,12,29,7,50,274,13.4,16.3,3.58,9.09,6.67,,994.0,-2.6,7.9,-7.2,,
2011,12,29,8,50,269,13.6,16.6,4.01,9.09,7.21,,994.4,-2.8,7.8,-7.2,,
2011,12,29,9,50,270,12.5,17.1,3.86,9.09,7.16,,995.4,-3.0,7.8,-7.2,,
2011,12,29,10,50,281,16.0,20.0,3.89,9.09,7.11,,995.9,-3.9,7.8,-8.4,,
2011,12,29,11,50,281,15.4,19.8,4.15,9.09,7.18,,997.5,-4.6,7.7,-8.6,,
2011,12,29,12,50,279,15.7,18.5,4.11,11.43,6.87,,998.7,-4.7,7.7,-8.9,,
2011,12,29,13,50,278,14.9,18.1,4.23,10.81,7.16,,1000.2,-4.3,7.7,-8.5,,
2011,12,29,14,50,276,15.9,19.4,4.41,11.43,7.08,,1000.6,-4.1,7.7,-8.9,,
2011,12,29,15,50,276,15.5,18.6,4.28,10.81,6.81,,1001.2,-3.3,7.7,-9.2,,
2011,12,29,16,50,273,16.0,19.5,3.97,8.33,6.64,,1000.9,-2.7,7.7,-9.6,,
2011,12,29,17,50,280,15.1,17.9,4.07,9.09,6.84,,1001.7,-2.7,7.7,-10.4,,
2011,12,29,18,50,273,14.6,17.6,3.89,9.09,6.75,,1002.5,-2.0,7.7,-10.0,,
2011,12,29,19,50,277,14.0,16.5,3.83,9.09,6.74,,1003.5,-1.2,7.7,-10.0,,
2011,12,29,20,50,274,12.9,16.2,3.74,9.09,6.92,,1004.7,-0.9,7.7,-9.8,,
2011,12,29,21,50,263,14.0,18.1,3.81,8.33,6.73,,1005.7,-0.9,7.7,-9.6,,
2011,12,29,22,50,269,15.1,18.6,3.67,8.33,6.66,,1006.4,-0.7,7.7,-8.7,,
2011,12,29,23,50,270,15.4,19.3,3.68,8.33,6.63,,1007.7,-1.3,7.7,-9.7,,
2011,12,30,0,50,268,15.4,18.2,3.43,8.33,6.42,,1008.8,-1.4,7.7,-9.6,,
2011,12,30,1,50,271,15.3,19.0,3.8,8.33,6.51,,1009.5,-1.9,7.7,-10.0,,
2011,12,30,2,50,276,14.0,17.1,3.42,8.33,6.12,,1010.1,-1.8,7.7,-9.6,,
2011,12,30,3,50,277,13.8,17.3,3.41,8.33,6.31,,1010.6,-1.9,7.7,-10.0,,
2011,12,30,4,50,271,13.4,16.3,3.15,8.33,6.1,,1011.4,-2.2,7.6,-9.8,,
2011,12,30,5,50,267,12.7,15.4,3.13,8.33,6.15,,1012.4,-2.1,7.6,-9.4,,
2011,12,30,6,50,269,12.0,14.9,2.97,8.33,5.99,,1013.4,-2.4,7.6,-10.1,,
2011,12,30,7,50,273,11.7,14.2,2.89,7.14,5.96,,1014.3,-2.2,7.6,-10.1,,
2011,12,30,8,50,274,11.2,14.2,2.62,7.14,5.68,,1014.8,-2.1,7.6,-9.4,,
2011,12,30,9,50,277,10.9,12.8,2.31,7.69,5.64,,1015.6,-2.0,7.6,-10.6,,
2011,12,30,10,50,283,10.0,12.5,2.13,7.14,5.45,,1016.6,-1.7,7.6,-9.8,,
2011,12,30,11,50,285,9.0,11.3,1.94,7.14,5.48,,1017.5,-2.3,7.6,-10.0,,
2011,12,30,12,50,293,9.3,11.5,1.83,6.67,5.29,,1018.2,-2.6,7.6,-10.1,,
2011,12,30,13,50,302,7.8,9.6,1.82,10.0,5.45,,1019.1,-2.6,7.6,-10.4,,
2011,12,30,14,50,311,5.3,6.4,1.65,10.0,5.31,,1020.3,-3.1,7.6,-10.5,,
2011,12,30,15,50,299,4.6,5.8,1.69,6.25,5.51,,1020.1,-2.8,7.6,-10.4,,
2011,12,30,16,50,304,3.4,4.4,1.57,9.09,5.54,,1019.6,-2.1,7.6,-11.4,,
2011,12,30,17,50,269,2.1,3.3,1.41,5.88,5.57,,1019.5,-1.6,7.6,-11.5,,
2011,12,30,18,50,244,1.3,2.3,1.4,6.25,5.84,,1019.8,-1.5,7.7,-11.6,,
2011,12,30,19,50,218,2.0,3.2,1.35,7.69,6.07,,1020.9,-1.0,7.7,-10.4,,
2011,12,30,20,50,221,1.8,2.7,1.22,6.25,5.88,,1021.4,-0.2,7.7,-8.8,,
2011,12,30,21,50,212,2.8,3.9,1.14,6.67,5.92,,1022.1,0.7,7.7,-8.1,,
2011,12,30,22,50,193,2.1,3.1,1.12,6.25,6.22,,1022.3,1.3,7.7,-8.2,,
2011,12,30,23,50,203,1.9,3.1,1.07,10.0,6.25,,1023.0,0.8,7.7,-3.5,,
2011,12,31,0,50,143,2.4,3.5,0.95,9.09,6.04,,1023.0,1.1,7.7,-2.2,,
2011,12,31,1,50,92,3.9,5.0,0.92,10.0,6.27,,1022.7,1.9,7.7,-1.3,,
2011,12,31,2,50,112,5.7,6.9,0.83,9.09,5.92,,1022.9,3.1,7.7,-0.6,,
2011,12,31,3,50,121,6.8,8.4,0.87,10.0,5.22,,1022.3,4.3,7.7,0.8,,
2011,12,31,4,50,119,7.9,9.2,0.99,9.09,4.9,,1021.9,5.0,7.7,1.8,,
2011,12,31,5,50,122,8.5,10.2,1.06,8.33,4.31,,1021.4,5.0,7.7,2.2,,
2011,12,31,6,50,118,8.9,10.3,1.24,8.33,4.52,,1020.6,5.2,7.7,2.7,,
2011,12,31,7,50,124,9.2,10.6,1.23,4.35,4.37,,1020.6,6.0,7.7,3.9,,
2011,12,31,8,50,137,8.9,11.3,1.32,4.76,4.52,,1019.9,7.1,7.8,5.0,,
2011,12,31,9,50,138,9.5,11.1,1.44,5.26,4.45,,1019.1,7.4,7.8,4.2,,
2011,12,31,10,50,131,10.0,12.5,1.52,5.56,4.64,,1018.8,7.6,7.8,4.4,,
2011,12,31,11,50,127,10.6,13.2,1.68,5.56,4.8,,1018.6,7.3,7.8,4.6,,
2011,12,31,12,50,124,11.4,13.7,1.86,5.56,5.01,,1017.1,7.4,7.8,5.1,,
2011,12,31,13,50,129,11.4,13.6,1.96,5.56,5.0,,1016.7,7.7,7.8,5.5,,
2011,12,31,14,50,131,11.4,13.3,2.16,5.88,5.15,,1016.2,7.8,7.8,5.8,,
2011,12,31,15,50,132,11.0,13.2,2.09,6.25,5.17,,1014.3,8.0,7.8,6.3,,
2011,12,31,16,50,136,10.3,12.2,2.09,6.67,5.06,,1011.8,8.6,7.8,6.8,,
2011,12,31,17,50,129,10.8,13.5,2.12,6.25,5.05,,1010.9,8.2,7.8,7.0,,
2011,12,31,18,50,128,9.2,11.3,1.68,5.88,4.77,,1009.5,8.5,7.8,7.5,,
2011,12,31,19,50,134,4.9,5.5,1.51,5.88,4.8,,1009.3,8.6,7.8,7.8,,
2011,12,31,20,50,139,4.5,5.3,1.31,5.88,5.0,,1008.3,8.6,7.8,7.9,,
2011,12,31,21,50,132,5.0,5.7,1.33,5.56,4.91,,1007.6,8.6,7.8,7.9,,
2011,12,31,22,50,154,3.5,4.7,1.28,5.26,4.85,,1007.0,8.6,7.8,8.0,,
